,,,,,,,,,,,,,,,,,,,,,,,
xtd,2019/3/30,3000/9/1,3000001,闀跨櫧灞?绾汉鍙?,0,11,90,闀跨櫧灞?01,鐑?0101,鏅€氱儫,10101,鍥戒骇鏅€氱儫,NULL,NULL,NULL,NULL,鐩?鏅€?1*10,7000813,闀挎槬甯傜儫鑽夊叕鍙?13,XTD_product_20190330.csv,NULL,,
xtd,2018/8/14,2019/3/30,3000004,鑺欒搲鐜?钃?,0,35,158,鑺欒搲鐜?01,鐑?0101,鏅€氱儫,10101,鍥戒骇鏅€氱儫,NULL,NULL,NULL,NULL,鐩?鏅€?1*10,7000813,闀挎槬甯傜儫鑽夊叕鍙?16,XTD_product_20180814.csv,NULL,,
xtd,2019/3/30,2019/8/19,3000009,涓冨尮鐙?鍙ょ敯),0,5.5,512,涓冨尮鐙?01,鐑?0101,鏅€氱儫,10101,鍥戒骇鏅€氱儫,NULL,NULL,NULL,NULL,鐩?鏅€?1*10,7000813,闀挎槬甯傜儫鑽夊叕鍙?13,XTD_product_20190330.csv,NULL,,
xtd,2018/8/14,2019/3/30,3000013,涓冨尮鐙硷紙钃濓級,0,8,512,涓冨尮鐙?01,鐑?0101,鏅€氱儫,10101,鍥戒骇鏅€氱儫,NULL,NULL,NULL,NULL,鐩?鏅€?1*10,7000813,闀挎槬甯傜儫鑽夊叕鍙?16,XTD_product_20180814.csv,NULL,,
xtd,2019/3/30,3000/9/1,3000016,绾㈤噾榫欙紙鏅撴ゼ锛?NULL,14,241,绾㈤噾榫?01,鐑?0102,寮傚瀷鐑?010201,寮傚瀷鐑?NULL,NULL,NULL,NULL,鐩?寮傚瀷,1*10,7000813,闀挎槬甯傜儫鑽夊叕鍙?13,XTD_product_20190330.csv,NULL,,,,
xtd,2018/8/14,2019/3/30,3000022,绾㈠弻鍠滐紙纭櫠娲撅級,0,15,248,绾㈠弻鍠?01,鐑?0101,鏅€氱儫,10101,鍥戒骇鏅€氱儫,NULL,NULL,NULL,NULL,鐩?鏅€?1*10,7000813,闀挎槬甯傜儫鑽夊叕鍙?16,XTD_product_20180814.csv,NULL,,
xtd,2019/3/30,3000/9/1,3000027,绾㈤噾榫欙紙杞弻榫欙級,0,4.5,241,绾㈤噾榫?01,鐑?0101,鏅€氱儫,10101,鍥戒骇鏅€氱儫,NULL,NULL,NULL,NULL,鐩?NULL,1*10,7000813,闀挎槬甯傜儫鑽夊叕鍙?13,XTD_product_20190330.csv,NULL,
xtd,2018/8/14,2019/3/30,3000031,榛勬灉鏍戯紙闀垮緛1935锛?NULL,7.5,269,榛勬灉鏍?01,鐑?0101,鏅€氱儫,10101,鍥戒骇鏅€氱儫,NULL,NULL,NULL,NULL,鐩?鏅€?1*10,7000813,闀挎槬甯傜儫鑽夊叕鍙?16,XTD_product_20180814.csv,NULL,,,
xtd,2019/3/30,3000/9/1,3000034,绾㈡渤(纭?,0,7,240,绾㈡渤,1,鐑?0101,鏅€氱儫,10101,鍥戒骇鏅€氱儫,NULL,NULL,NULL,NULL,鐩?鏅€?1*10,7000813,闀挎槬甯傜儫鑽夊叕鍙?13,XTD_product_20190330.csv,NULL,
xtd,2018/8/14,2019/3/30,3000039,鍙屽枩(杞粡鍏?,0,10,584,鍙屽枩,1,鐑?0101,鏅€氱儫,10101,鍥戒骇鏅€氱儫,NULL,NULL,NULL,NULL,鐩?鏅€?1*10,7000813,闀挎槬甯傜儫鑽夊叕鍙?16,XTD_product_20180814.csv,NULL,
xtd,2018/8/14,2019/3/30,3000040,榛勯工妤?纭弽鍝?,0,45,270,榛勯工妤?01,鐑?0101,鏅€氱儫,10101,鍥戒骇鏅€氱儫,NULL,NULL,NULL,NULL,鐩?NULL,1*10,7000813,闀挎槬甯傜儫鑽夊叕鍙?16,XTD_product_20180814.csv,NULL,
xtd,2019/3/30,3000/9/1,3000045,娉板北(闈掔),0,14,599,娉板北,1,鐑?0101,鏅€氱儫,10101,鍥戒骇鏅€氱儫,NULL,NULL,NULL,NULL,鐩?鏅€?1*10,7000813,闀挎槬甯傜儫鑽夊叕鍙?13,XTD_product_20190330.csv,NULL,
xtd,2018/8/14,2018/10/22,3000048,鍗椾含(鐐但闂?,0,16,486,鍗椾含,1,鐑?0102,寮傚瀷鐑?010201,寮傚瀷鐑?NULL,NULL,NULL,NULL,鐩?寮傚瀷,1*10,7000813,闀挎槬甯傜儫鑽夊叕鍙?16,XTD_product_20180814.csv,NULL,,
xtd,2019/3/30,3000/9/1,3000052,鐜夋邯(杞拰璋?,0,40,759,鐜夋邯,1,鐑?0101,鏅€氱儫,10101,鍥戒骇鏅€氱儫,NULL,NULL,NULL,NULL,鐩?鏅€?1*10,7000813,闀挎槬甯傜儫鑽夊叕鍙?13,XTD_product_20190330.csv,NULL,
xtd,2018/8/14,2019/3/30,3000057,榛勯工妤?纭竾骞寸孩),0,16,270,榛勯工妤?01,鐑?0101,鏅€氱儫,10101,鍥戒骇鏅€氱儫,NULL,NULL,NULL,NULL,鐩?鏅€?1*10,7000813,闀挎槬甯傜儫鑽夊叕鍙?16,XTD_product_20180814.csv,NULL,,
xtd,2019/3/30,3000/9/1,3000063,娉板北(浣涘厜缁嗘敮),0,40,599,娉板北,1,鐑?0102,寮傚瀷鐑?010201,寮傚瀷鐑?NULL,NULL,NULL,NULL,鐩?寮傚瀷,1*10,7000813,闀挎槬甯傜儫鑽夊叕鍙?13,XTD_product_20190330.csv,NULL,,
xtd,2018/8/14,2019/3/30,3000066,涓冨尮鐙?绾),0,16,512,涓冨尮鐙?01,鐑?0102,寮傚瀷鐑?010201,寮傚瀷鐑?NULL,NULL,NULL,NULL,鐩?寮傚瀷,1*10,7000813,闀挎槬甯傜儫鑽夊叕鍙?16,XTD_product_20180814.csv,NULL,,,
xtd,2019/3/30,3000/9/1,3000070,寤虹墝(HD閾?),0,16,-,鏈煡,1,鐑?0101,鏅€氱儫,10101,鍥戒骇鏅€氱儫,NULL,NULL,NULL,NULL,鐩?鏅€?1*10,7000813,闀挎槬甯傜儫鑽夊叕鍙?13,XTD_product_20190330.csv,NULL,
xtd,2018/8/14,2019/3/30,3000075,鍙屽枩(纭孩1906),0,16,584,鍙屽枩,1,鐑?0101,鏅€氱儫,10101,鍥戒骇鏅€氱儫,NULL,NULL,NULL,NULL,鐩?鏅€?1*10,7000813,闀挎槬甯傜儫鑽夊叕鍙?16,XTD_product_20180814.csv,NULL,
xtd,2019/3/30,3000/9/1,3000078,璐电儫(鐢滀埂娲炶棌),0,16,194,璐电儫,1,鐑?0101,鏅€氱儫,10101,鍥戒骇鏅€氱儫,NULL,NULL,NULL,NULL,鐩?鏅€?1*10,7000813,闀挎槬甯傜儫鑽夊叕鍙?13,XTD_product_20190330.csv,NULL,
xtd,2019/3/30,3000/9/1,3000081,榛勫北(澶х孩鏂瑰嵃),0,32,272,榛勫北,1,鐑?0102,寮傚瀷鐑?010201,寮傚瀷鐑?NULL,NULL,NULL,NULL,鐩?寮傚瀷,1*10,7000813,闀挎槬甯傜儫鑽夊叕鍙?13,XTD_product_20190330.csv,NULL,,
xtd,2018/8/14,2019/3/30,3000084,绾㈤噾榫?灏忔椋?,0,4.5,241,绾㈤噾榫?01,鐑?0101,鏅€氱儫,10101,鍥戒骇鏅€氱儫,NULL,NULL,NULL,NULL,鐩?鏅€?1*10,7000813,闀挎槬甯傜儫鑽夊叕鍙?16,XTD_product_20180814.csv,NULL,,
xtd,2019/3/30,3000/9/1,3000089,绾㈤噾榫?杞暱鍩?,0,3,241,绾㈤噾榫?01,鐑?0101,鏅€氱儫,10101,鍥戒骇鏅€氱儫,NULL,NULL,NULL,NULL,鐩?鏅€?1*10,7000813,闀挎槬甯傜儫鑽夊叕鍙?13,XTD_product_20190330.csv,NULL,,
xtd,2019/8/1,3000/9/1,3000092,浜烘皯澶т細鍫?纭孩缁嗘敮),0,17,542,浜烘皯澶т細鍫?01,鐑?0102,寮傚瀷鐑?010201,寮傚瀷鐑?NULL,NULL,NULL,NULL,鐩?寮傚瀷,1*10,7000813,闀挎槬甯傜儫鑽夊叕鍙?13,XTD_product_20190801.csv,NULL,,,
xtd,2018/8/14,2019/3/30,3000093,鐭崇嫯(骞冲畨),0,5,569,鐭崇嫯,1,鐑?0101,鏅€氱儫,10101,鍥戒骇鏅€氱儫,NULL,NULL,NULL,NULL,鐩?鏅€?1*10,7000813,闀挎槬甯傜儫鑽夊叕鍙?16,XTD_product_20180814.csv,NULL,
xtd,2019/3/30,3000/9/1,3000096,榛勯工妤硷紙鍢夌Η缂橈級,0,20,270,榛勯工妤?01,鐑?0102,寮傚瀷鐑?010201,寮傚瀷鐑?NULL,NULL,NULL,NULL,鐩?寮傚瀷,1*10,7000813,闀挎槬甯傜儫鑽夊叕鍙?13,XTD_product_20190330.csv,NULL,,,
xtd,2019/3/30,3000/9/1,3000100,榛勯噾钁?纭ぇ閲戝渾鍙屽崄鏀?,0,21,271,榛勯噾鍙?01,鐑?0102,寮傚瀷鐑?010201,寮傚瀷鐑?NULL,NULL,NULL,NULL,鐩?寮傚瀷,1*10,7000813,闀挎槬甯傜儫鑽夊叕鍙?13,XTD_product_20190330.csv,NULL,,,
xtd,2018/8/14,2019/3/30,3000105,榛勫北(澶у９鍝?,0,11,272,榛勫北,1,鐑?0101,鏅€氱儫,10101,鍥戒骇鏅€氱儫,NULL,NULL,NULL,NULL,鐩?鏅€?1*10,7000813,闀挎槬甯傜儫鑽夊叕鍙?16,XTD_product_20180814.csv,NULL,
xtd,2019/3/30,3000/9/1,3000108,榛勫北(杞枩搴嗙孩鏂瑰嵃),0,20,272,榛勫北,1,鐑?0101,鏅€氱儫,10101,鍥戒骇鏅€氱儫,NULL,NULL,NULL,NULL,鐩?鏅€?1*10,7000813,闀挎槬甯傜儫鑽夊叕鍙?13,XTD_product_20190330.csv,NULL,
xtd,2019/3/30,3000/9/1,3000113,濂界尗(缁嗘敮闀夸箰),0,16,213,濂界尗,1,鐑?0102,寮傚瀷鐑?010201,寮傚瀷鐑?NULL,NULL,NULL,NULL,鐩?寮傚瀷,1*10,7000813,闀挎槬甯傜儫鑽夊叕鍙?13,XTD_product_20190330.csv,NULL,,
xtd,2018/8/14,2019/3/30,3000116,闀垮煄(鐩涗笘5鍙?,0,48,91,闀垮煄,1,鐑?0102,寮傚瀷鐑?010201,寮傚瀷鐑?NULL,NULL,NULL,NULL,鐩?NULL,1*5,7000813,闀挎槬甯傜儫鑽夊叕鍙?16,XTD_product_20180814.csv,NULL,,
xtd,2019/3/30,3000/9/1,3000122,鍝堝皵婊?纭孩),0,7,201,鍝堝痉闂?01,鐑?0101,鏅€氱儫,10101,鍥戒骇鏅€氱儫,NULL,NULL,NULL,NULL,鐩?鏅€?1*10,7000813,闀挎槬甯傜儫鑽夊叕鍙?13,XTD_product_20190330.csv,NULL,,
xtd,2018/8/14,2019/3/30,3000127,绾㈡棗娓?杞孩),0,3,-,鏈煡,1,鐑?0101,鏅€氱儫,10101,鍥戒骇鏅€氱儫,NULL,NULL,NULL,NULL,鐩?NULL,1*10,7000813,闀挎槬甯傜儫鑽夊叕鍙?16,XTD_product_20180814.csv,NULL
xtd,2018/8/14,2019/3/30,3000130,闀垮煄(閱囬泤濂堕),0,13,91,闀垮煄,1,鐑?0102,寮傚瀷鐑?010201,寮傚瀷鐑?NULL,NULL,NULL,NULL,鐩?寮傚瀷,1*10,7000813,闀挎槬甯傜儫鑽夊叕鍙?16,XTD_product_20180814.csv,NULL,,
xtd,2019/3/30,3000/9/1,3000135,绾㈠弻鍠?榫欏嚖),0,11,248,绾㈠弻鍠?01,鐑?0101,鏅€氱儫,10101,鍥戒骇鏅€氱儫,NULL,NULL,NULL,NULL,鐩?鏅€?1*10,7000813,闀挎槬甯傜儫鑽夊叕鍙?13,XTD_product_20190330.csv,NULL,,
xtd,2018/8/14,2019/3/30,3000138,闀垮煄(閱囬泤钖勮嵎),0,15,91,闀垮煄,1,鐑?0102,寮傚瀷鐑?010201,寮傚瀷鐑?NULL,NULL,NULL,NULL,鐩?鏅€?1*10,7000813,闀挎槬甯傜儫鑽夊叕鍙?16,XTD_product_20180814.csv,NULL,,,
xtd,2018/8/14,2019/3/30,3000141,閮藉疂(鏂?,0,3,-,鏈煡,1,鐑?0101,鏅€氱儫,10101,鍥戒骇鏅€氱儫,NULL,NULL,NULL,NULL,鐩?鏅€?1*10,7000813,闀挎槬甯傜儫鑽夊叕鍙?16,XTD_product_20180814.csv,NULL,
xtd,2019/3/30,3000/9/1,3000144,榛勯工妤?纭崡娲嬪弫鍙?,0,15,270,榛勯工妤?01,鐑?0101,鏅€氱儫,10101,鍥戒骇鏅€氱儫,NULL,NULL,NULL,NULL,鐩?鏅€?1*10,7000813,闀挎槬甯傜儫鑽夊叕鍙?13,XTD_product_20190330.csv,NULL,,
xtd,2018/8/14,2019/3/30,3000149,鐜夋邯(缁嗘敮娓呴涓栧),0,26,759,鐜夋邯,1,鐑?0102,寮傚瀷鐑?010201,寮傚瀷鐑?NULL,NULL,NULL,NULL,鐩?寮傚瀷,1*10,7000813,闀挎槬甯傜儫鑽夊叕鍙?16,XTD_product_20180814.csv,NULL,,
xtd,2018/8/14,2019/3/30,3000152,闀跨櫧灞?妗傝姳),0,5,-,鏈煡,1,鐑?0101,鏅€氱儫,10101,鍥戒骇鏅€氱儫,NULL,NULL,NULL,NULL,鐩?鏅€?1*10,7000813,闀挎槬甯傜儫鑽夊叕鍙?16,XTD_product_20180814.csv,NULL,
xtd,2018/8/14,2019/3/30,3000005,闆勭嫯(纭?,0,3.5,689,闆勭嫯,1,鐑?0101,鏅€氱儫,10101,鍥戒骇鏅€氱儫,NULL,NULL,NULL,NULL,鐩?鏅€?1*10,7000813,闀挎槬甯傜儫鑽夊叕鍙?16,XTD_product_20180814.csv,NULL,
xtd,2019/3/30,3000/9/1,3000008,绾㈤噾榫?杞節宸炶吘榫?,0,5.5,241,绾㈤噾榫?01,鐑?0101,鏅€氱儫,10101,鍥戒骇鏅€氱儫,NULL,NULL,NULL,NULL,鐩?鏅€?1*10,7000813,闀挎槬甯傜儫鑽夊叕鍙?13,XTD_product_20190330.csv,NULL,,
xtd,2019/8/19,3000/9/1,3000009,涓冨尮鐙?鍙ょ敯),0,6,512,涓冨尮鐙?01,鐑?0101,鏅€氱儫,10101,鍥戒骇鏅€氱儫,NULL,NULL,NULL,NULL,鐩?鏅€?1*10,7000813,闀挎槬甯傜儫鑽夊叕鍙?13,XTD_product_20190819.csv,NULL,,
xtd,2018/8/14,2019/3/30,3000012,鑻忕儫(绾㈡潐鏍?,0,22,-,鏈煡,1,鐑?0101,鏅€氱儫,10101,鍥戒骇鏅€氱儫,NULL,NULL,NULL,NULL,鐩?鏅€?1*10,7000813,闀挎槬甯傜儫鑽夊叕鍙?16,XTD_product_20180814.csv,NULL,
xtd,2019/3/30,3000/9/1,3000017,鍒╃兢锛堥暱鍢达級,0,22,416,鍒╃兢,1,鐑?0101,鏅€氱儫,10101,鍥戒骇鏅€氱儫,NULL,NULL,NULL,NULL,鐩?鏅€?1*10,7000813,闀挎槬甯傜儫鑽夊叕鍙?13,XTD_product_20190330.csv,NULL,
xtd,2018/8/14,2019/3/30,3000023,榛勯噾鍙讹紙榛勯噾鐪硷級,0,14,271,榛勯噾鍙?01,鐑?0101,鏅€氱儫,10101,鍥戒骇鏅€氱儫,NULL,NULL,NULL,NULL,鐩?鏅€?1*10,7000813,闀挎槬甯傜儫鑽夊叕鍙?16,XTD_product_20180814.csv,NULL,,
xtd,2019/3/30,3000/9/1,3000026,绾㈤噾榫欙紙纭崡娲嬶級,0,6.5,241,绾㈤噾榫?01,鐑?0101,鏅€氱儫,10101,鍥戒骇鏅€氱儫,NULL,NULL,NULL,NULL,鐩?鏅€?1*10,7000813,闀挎槬甯傜儫鑽夊叕鍙?13,XTD_product_20190330.csv,NULL,,
xtd,2018/8/14,2019/3/30,3000030,榛勯工妤硷紙杞泤闊碉級,0,26,270,榛勯工妤?01,鐑?0101,鏅€氱儫,10101,鍥戒骇鏅€氱儫,NULL,NULL,NULL,NULL,鐩?鏅€?1*10,7000813,闀挎槬甯傜儫鑽夊叕鍙?16,XTD_product_20180814.csv,NULL,,
xtd,2019/3/30,3000/9/1,3000035,闀跨櫧灞?mg,0,75,90,闀跨櫧灞?01,鐑?0101,鏅€氱儫,10101,鍥戒骇鏅€氱儫,NULL,NULL,NULL,NULL,鐩?鏅€?1*10,7000813,闀挎槬甯傜儫鑽夊叕鍙?13,XTD_product_20190330.csv,NULL,,
xtd,2018/8/14,2019/3/30,3000038,绾㈠弻鍠?杞?mg),0,7.5,248,绾㈠弻鍠?01,鐑?0101,鏅€氱儫,10101,鍥戒骇鏅€氱儫,NULL,NULL,NULL,NULL,鐩?鏅€?1*10,7000813,闀挎槬甯傜儫鑽夊叕鍙?16,XTD_product_20180814.csv,NULL,,
xtd,2018/8/14,2019/3/30,3000041,鍗椾含(鍗佷簩閽楄杽鑽?,0,22,486,鍗椾含,1,鐑?0102,寮傚瀷鐑?010201,寮傚瀷鐑?NULL,NULL,NULL,NULL,鐩?寮傚瀷,1*10,7000813,闀挎槬甯傜儫鑽夊叕鍙?16,XTD_product_20180814.csv,NULL,,
xtd,2019/3/30,3000/9/1,3000044,榛勯工妤硷紙纭ぇ褰╋級,0,30,270,榛勯工妤?01,鐑?0101,鏅€氱儫,10101,鍥戒骇鏅€氱儫,NULL,NULL,NULL,NULL,鐩?鏅€?1*10,7000813,闀挎槬甯傜儫鑽夊叕鍙?13,XTD_product_20190330.csv,NULL,,
xtd,2018/8/14,2019/3/30,3000049,闀跨櫧灞?閲戜汉鍙?,0,15,90,闀跨櫧灞?01,鐑?0101,鏅€氱儫,10101,鍥戒骇鏅€氱儫,NULL,NULL,NULL,NULL,鐩?鏅€?1*10,7000813,闀挎槬甯傜儫鑽夊叕鍙?16,XTD_product_20180814.csv,NULL,,
xtd,2019/3/30,3000/9/1,3000053,闀跨櫧灞?鎮?,0,7,90,闀跨櫧灞?01,鐑?0101,鏅€氱儫,10101,鍥戒骇鏅€氱儫,NULL,NULL,NULL,NULL,鐩?鏅€?1*10,7000813,闀挎槬甯傜儫鑽夊叕鍙?13,XTD_product_20190330.csv,NULL,,
xtd,2018/8/14,2019/3/30,3000056,娉板北(蹇冩偊),0,16,599,娉板北,1,鐑?0102,寮傚瀷鐑?010201,寮傚瀷鐑?NULL,NULL,NULL,NULL,鐩?寮傚瀷,1*10,7000813,闀挎槬甯傜儫鑽夊叕鍙?16,XTD_product_20180814.csv,NULL,,
xtd,2019/3/30,3000/9/1,3000062,濞囧瓙(X榫欓煹),0,26,310,濞囧瓙,1,鐑?0102,寮傚瀷鐑?010201,寮傚瀷鐑?NULL,NULL,NULL,NULL,鐩?寮傚瀷,1*10,7000813,闀挎槬甯傜儫鑽夊叕鍙?13,XTD_product_20190330.csv,NULL,,
xtd,2018/8/14,2019/3/30,3000067,绾㈠弻鍠?纭櫠鍠?,0,13,248,绾㈠弻鍠?01,鐑?0101,鏅€氱儫,10101,鍥戒骇鏅€氱儫,NULL,NULL,NULL,NULL,鐩?鏅€?1*10,7000813,闀挎槬甯傜儫鑽夊叕鍙?16,XTD_product_20180814.csv,NULL,,
xtd,2019/3/30,3000/9/1,3000071,鍒╃兢(杞孩闀垮槾),0,22,416,鍒╃兢,1,鐑?0101,鏅€氱儫,10101,鍥戒骇鏅€氱儫,NULL,NULL,NULL,NULL,鐩?鏅€?1*10,7000813,闀挎槬甯傜儫鑽夊叕鍙?13,XTD_product_20190330.csv,NULL,
xtd,2018/8/14,2019/3/30,3000074,鍙屽枩(閭枩),0,32,584,鍙屽枩,1,鐑?0102,寮傚瀷鐑?010201,寮傚瀷鐑?NULL,NULL,NULL,NULL,鐩?寮傚瀷,1*10,7000813,闀挎槬甯傜儫鑽夊叕鍙?16,XTD_product_20180814.csv,NULL,,
xtd,2019/3/30,3000/9/1,3000079,榛勯噾鍙?鐖卞皻),0,16,271,榛勯噾鍙?01,鐑?0102,寮傚瀷鐑?010201,寮傚瀷鐑?NULL,NULL,NULL,NULL,鐩?寮傚瀷,1*10,7000813,闀挎槬甯傜儫鑽夊叕鍙?13,XTD_product_20190330.csv,NULL,,,
xtd,2019/3/30,3000/9/1,3000080,濞囧瓙(X2013),0,14,310,濞囧瓙,1,鐑?0102,寮傚瀷鐑?010201,寮傚瀷鐑?NULL,NULL,NULL,NULL,鐩?寮傚瀷,1*10,7000813,闀挎槬甯傜儫鑽夊叕鍙?13,XTD_product_20190330.csv,NULL,,
xtd,2018/8/14,2019/3/30,3000085,榛勫北(涓浗鐢荤粏鏀?,0,14,272,榛勫北,1,鐑?0102,寮傚瀷鐑?010201,寮傚瀷鐑?NULL,NULL,NULL,NULL,鐩?寮傚瀷,1*10,7000813,闀挎槬甯傜儫鑽夊叕鍙?16,XTD_product_20180814.csv,NULL,,
xtd,2018/8/31,2019/3/30,3000086,绾㈤噾榫?纭摑鐖变綘),0,11,241,绾㈤噾榫?01,鐑?0102,寮傚瀷鐑?010201,寮傚瀷鐑?NULL,NULL,NULL,NULL,鐩?寮傚瀷,1*10,7000813,闀挎槬甯傜儫鑽夊叕鍙?16,XTD_product_20180831.csv,NULL,,,
xtd,2019/3/30,3000/9/1,3000088,鐪熼緳(鍑屼簯),0,15,-,鏈煡,1,鐑?0102,寮傚瀷鐑?010201,寮傚瀷鐑?NULL,NULL,NULL,NULL,鐩?寮傚瀷,1*10,7000813,闀挎槬甯傜儫鑽夊叕鍙?13,XTD_product_20190330.csv,NULL,,
xtd,2018/8/14,2019/3/30,3000092,浜烘皯澶т細鍫?纭孩缁嗘敮),0,16,542,浜烘皯澶т細鍫?01,鐑?0102,寮傚瀷鐑?010201,寮傚瀷鐑?NULL,NULL,NULL,NULL,鐩?寮傚瀷,1*10,7000813,闀挎槬甯傜儫鑽夊叕鍙?16,XTD_product_20180814.csv,NULL,,,
xtd,2019/3/30,3000/9/1,3000097,娉板北锛堝搱寰烽棬锛?NULL,8,599,娉板北,1,鐑?0101,鏅€氱儫,10101,鍥戒骇鏅€氱儫,NULL,NULL,NULL,NULL,鐩?鏅€?1*10,7000813,闀挎槬甯傜儫鑽夊叕鍙?13,XTD_product_20190330.csv,NULL,,
xtd,2019/3/30,3000/9/1,3000101,闀跨櫧灞?閲戦榄?,0,32,90,闀跨櫧灞?01,鐑?0102,寮傚瀷鐑?010201,寮傚瀷鐑?NULL,NULL,NULL,NULL,鐩?寮傚瀷,1*10,7000813,闀挎槬甯傜儫鑽夊叕鍙?13,XTD_product_20190330.csv,NULL,,,
xtd,2018/8/14,2019/3/30,3000104,鍏板窞(纭簿鍝?,0,8,378,鍏板窞,1,鐑?0101,鏅€氱儫,10101,鍥戒骇鏅€氱儫,NULL,NULL,NULL,NULL,鐩?鏅€?1*10,7000813,闀挎槬甯傜儫鑽夊叕鍙?16,XTD_product_20180814.csv,NULL,
xtd,2019/3/30,3000/9/1,3000109,榛勯工妤?纭泤闊?,0,26,270,榛勯工妤?01,鐑?0101,鏅€氱儫,10101,鍥戒骇鏅€氱儫,NULL,NULL,NULL,NULL,鐩?鏅€?1*10,7000813,闀挎槬甯傜儫鑽夊叕鍙?13,XTD_product_20190330.csv,NULL,,
xtd,2019/3/30,3000/9/1,3000112,闀跨櫧灞?钃濆皻),0,20,90,闀跨櫧灞?01,鐑?0102,寮傚瀷鐑?010201,寮傚瀷鐑?NULL,NULL,NULL,NULL,鐩?寮傚瀷,1*10,7000813,闀挎槬甯傜儫鑽夊叕鍙?13,XTD_product_20190330.csv,NULL,,,
xtd,2018/8/14,2019/3/30,3000117,闀垮煄(閱囬泤coco),0,20,91,闀垮煄,1,鐑?0102,寮傚瀷鐑?010201,寮傚瀷鐑?NULL,NULL,NULL,NULL,鐩?NULL,1*10,7000813,闀挎槬甯傜儫鑽夊叕鍙?16,XTD_product_20180814.csv,NULL,,
xtd,2019/3/30,3000/9/1,3000123,璐电儫(鏂拌吹),0,11,194,璐电儫,1,鐑?0101,鏅€氱儫,10101,鍥戒骇鏅€氱儫,NULL,NULL,NULL,NULL,鐩?鏅€?1*10,7000813,闀挎槬甯傜儫鑽夊叕鍙?13,XTD_product_20190330.csv,NULL,
xtd,2018/8/14,2019/3/30,3000126,鐜嬪啝(缁忓吀閾?鏀叏鍙跺嵎),0,60,-,鏈煡,1,鐑?0102,寮傚瀷鐑?010201,寮傚瀷鐑?NULL,NULL,NULL,NULL,鐩?NULL,1*5,7000813,闀挎槬甯傜儫鑽夊叕鍙?16,XTD_product_20180814.csv,NULL,,
xtd,2018/8/14,2019/3/30,3000131,濞囧瓙(榛?,0,15,310,濞囧瓙,1,鐑?0101,鏅€氱儫,10101,鍥戒骇鏅€氱儫,NULL,NULL,NULL,NULL,鐩?鏅€?1*10,7000813,闀挎槬甯傜儫鑽夊叕鍙?16,XTD_product_20180814.csv,NULL,
xtd,2019/3/30,3000/9/1,3000134,閽荤煶(鑽疯姳),0,32,-,鏈煡,1,鐑?0101,鏅€氱儫,10101,鍥戒骇鏅€氱儫,NULL,NULL,NULL,NULL,鐩?鏅€?1*10,7000843,闀挎槬甯傜儫鑽夊叕鍙?13,XTD_product_20190330.csv,NULL,
xtd,2018/8/14,2019/3/30,3000139,澶╁瓙(閲?,0,20,613,澶╁瓙,1,鐑?0101,鏅€氱儫,10101,鍥戒骇鏅€氱儫,NULL,NULL,NULL,NULL,鐩?鏅€?1*10,7000813,闀挎槬甯傜儫鑽夊叕鍙?16,XTD_product_20180814.csv,NULL,
xtd,2018/8/14,2019/3/30,3000140,鍒╃兢(杞摑),0,18,416,鍒╃兢,1,鐑?0101,鏅€氱儫,10101,鍥戒骇鏅€氱儫,NULL,NULL,NULL,NULL,鐩?鏅€?1*10,7000813,闀挎槬甯傜儫鑽夊叕鍙?16,XTD_product_20180814.csv,NULL,
xtd,2019/3/30,3000/9/1,3000145,閽荤煶(缁嗘敮鑽疯姳),0,45,-,鏈煡,1,鐑?0102,寮傚瀷鐑?010201,寮傚瀷鐑?NULL,NULL,NULL,NULL,鐩?寮傚瀷,1*10,7000813,闀挎槬甯傜儫鑽夊叕鍙?13,XTD_product_20190330.csv,NULL,,
xtd,2018/8/14,2019/3/30,3000148,鐧芥矙(纭孩绮惧搧),0,10,35,鐧芥矙,1,鐑?0101,鏅€氱儫,10101,鍥戒骇鏅€氱儫,NULL,NULL,NULL,NULL,鐩?鏅€?1*10,7000813,闀挎槬甯傜儫鑽夊叕鍙?16,XTD_product_20180814.csv,NULL,
xtd,2018/8/14,2019/3/30,3000153,绾㈤噾榫?鏅撴ゼ),0,14,-,鏈煡,1,鐑?0101,鏅€氱儫,10101,鍥戒骇鏅€氱儫,NULL,NULL,NULL,NULL,鐩?鏅€?1*10,7000813,闀挎槬甯傜儫鑽夊叕鍙?16,XTD_product_20180814.csv,NULL,
xtd,2019/3/30,3000/9/1,3000156,澶у墠闂?鐭敮),0,20,-,鏈煡,1,鐑?0102,寮傚瀷鐑?010201,寮傚瀷鐑?NULL,NULL,NULL,NULL,鐩?寮傚瀷,1*10,7000813,闀挎槬甯傜儫鑽夊叕鍙?13,XTD_product_20190330.csv,NULL,,
xtd,2019/3/30,3000/9/1,3000003,闀跨櫧灞憋紙閾讹級,0,9,90,闀跨櫧灞?01,鐑?0101,鏅€氱儫,10101,鍥戒骇鏅€氱儫,NULL,NULL,NULL,NULL,鐩?鏅€?1*10,7000813,闀挎槬甯傜儫鑽夊叕鍙?13,XTD_product_20190330.csv,NULL,,
xtd,2018/8/14,2019/3/30,3000006,閲戞ˉ(鑻变鸡濂堕),0,11,330,閲戞ˉ,1,鐑?0102,寮傚瀷鐑?010201,寮傚瀷鐑?NULL,NULL,NULL,NULL,鐩?寮傚瀷,1*10,7000813,闀挎槬甯傜儫鑽夊叕鍙?16,XTD_product_20180814.csv,NULL,,
xtd,2018/8/14,2019/3/30,3000011,榛勫北锛堣蒋涓€鍝侊級,0,6.5,272,榛勫北,1,鐑?0101,鏅€氱儫,10101,鍥戒骇鏅€氱儫,NULL,NULL,NULL,NULL,鐩?鏅€?1*10,7000813,闀挎槬甯傜儫鑽夊叕鍙?16,XTD_product_20180814.csv,NULL,
xtd,2019/3/30,3000/9/1,3000014,浜戠儫锛堝皬鐔婄尗锛?NULL,22,770,浜戠儫,1,鐑?0101,鏅€氱儫,10101,鍥戒骇鏅€氱儫,NULL,NULL,NULL,NULL,鐩?鏅€?1*10,7000813,闀挎槬甯傜儫鑽夊叕鍙?13,XTD_product_20190330.csv,NULL,,
xtd,2018/8/14,2019/3/30,3000019,濞囧瓙锛堢‖榫欏嚖涓栫邯鏈濓級,0,6.5,310,濞囧瓙,1,鐑?0101,鏅€氱儫,10101,鍥戒骇鏅€氱儫,NULL,NULL,NULL,NULL,鐩?鏅€?1*10,7000813,闀挎槬甯傜儫鑽夊叕鍙?16,XTD_product_20180814.csv,NULL,
xtd,2018/8/14,2019/3/30,3000020,闀跨櫧灞?鎻借儨),0,22,90,闀跨櫧灞?01,鐑?0102,寮傚瀷鐑?010201,寮傚瀷鐑?NULL,NULL,NULL,NULL,鐩?寮傚瀷,1*10,7000813,闀挎槬甯傜儫鑽夊叕鍙?16,XTD_product_20180814.csv,NULL,,,
xtd,2019/3/30,3000/9/1,3000025,榛勯工妤硷紙杞缚杩愶級,0,16,270,榛勯工妤?01,鐑?0101,鏅€氱儫,10101,鍥戒骇鏅€氱儫,NULL,NULL,NULL,NULL,鐩?鏅€?1*10,7000813,闀挎槬甯傜儫鑽夊叕鍙?13,XTD_product_20190330.csv,NULL,,
xtd,2018/8/14,2019/3/30,3000028,鍗椾含锛堢簿鍝侊級,0,22,486,鍗椾含,1,鐑?0101,鏅€氱儫,10101,鍥戒骇鏅€氱儫,NULL,NULL,NULL,NULL,鐩?鏅€?1*10,7000813,闀挎槬甯傜儫鑽夊叕鍙?16,XTD_product_20180814.csv,NULL,
xtd,2018/8/14,2019/3/30,3000033,鑺欒搲鐜嬶紙杞摑锛?NULL,56,158,鑺欒搲鐜?01,鐑?0101,鏅€氱儫,10101,鍥戒骇鏅€氱儫,NULL,NULL,NULL,NULL,鐩?鏅€?1*10,7000813,闀挎槬甯傜儫鑽夊叕鍙?16,XTD_product_20180814.csv,NULL,,,
xtd,2019/3/30,3000/9/1,3000036,绾㈠弻鍠?鍗楁磱杞?,0,6.5,248,绾㈠弻鍠?01,鐑?0101,鏅€氱儫,10101,鍥戒骇鏅€氱儫,NULL,NULL,NULL,NULL,鐩?鏅€?1*10,7000813,闀挎槬甯傜儫鑽夊叕鍙?13,XTD_product_20190330.csv,NULL,,
xtd,2018/8/14,2019/3/30,3000042,閽荤煶(纭摑鏂颁竴浠?,0,6.5,-,鏈煡,1,鐑?0101,鏅€氱儫,10101,鍥戒骇鏅€氱儫,NULL,NULL,NULL,NULL,鐩?NULL,1*10,7000813,闀挎槬甯傜儫鑽夊叕鍙?16,XTD_product_20180814.csv,NULL
xtd,2019/3/30,3000/9/1,3000047,鍝堝痉闂ㄧ簿鍝?NULL,5,201,鍝堝痉闂?01,鐑?0101,鏅€氱儫,10101,鍥戒骇鏅€氱儫,NULL,NULL,NULL,NULL,鐩?NULL,1*10,7000813,闀挎槬甯傜儫鑽夊叕鍙?13,XTD_product_20190330.csv,NULL,,
xtd,2019/3/30,3000/9/1,3000050,榛勫北(灏忕孩鏂瑰嵃),0,22,272,榛勫北,1,鐑?0101,鏅€氱儫,10101,鍥戒骇鏅€氱儫,NULL,NULL,NULL,NULL,鐩?鏅€?1*10,7000813,闀挎槬甯傜儫鑽夊叕鍙?13,XTD_product_20190330.csv,NULL,
xtd,2018/8/14,2019/3/30,3000055,鍗椾含(鍗佷簩閽楃儰鐑?,0,28,486,鍗椾含,1,鐑?0102,寮傚瀷鐑?010201,寮傚瀷鐑?NULL,NULL,NULL,NULL,鐩?寮傚瀷,1*10,7000813,闀挎槬甯傜儫鑽夊叕鍙?16,XTD_product_20180814.csv,NULL,,
xtd,2019/3/30,3000/9/1,3000058,榛勯工妤?杞洩涔嬫櫙),0,14,270,榛勯工妤?01,鐑?0101,鏅€氱儫,10101,鍥戒骇鏅€氱儫,NULL,NULL,NULL,NULL,鐩?鏅€?1*10,7000813,闀挎槬甯傜儫鑽夊叕鍙?13,XTD_product_20190330.csv,NULL,,
xtd,2019/3/30,3000/9/1,3000061,濞囧瓙(X鐢熻倴),0,19,310,濞囧瓙,1,鐑?0102,寮傚瀷鐑?010201,寮傚瀷鐑?NULL,NULL,NULL,NULL,鐩?寮傚瀷,1*10,7000813,闀挎槬甯傜儫鑽夊叕鍙?13,XTD_product_20190330.csv,NULL,,
xtd,2018/8/14,2019/3/30,3000064,闀跨櫧灞?濂借繍),0,9,90,闀跨櫧灞?01,鐑?0101,鏅€氱儫,10101,鍥戒骇鏅€氱儫,NULL,NULL,NULL,NULL,鐩?鏅€?1*10,7000813,闀挎槬甯傜儫鑽夊叕鍙?16,XTD_product_20180814.csv,NULL,,
xtd,2019/3/30,3000/9/1,3000069,璐电儫(鐜夋恫1鍙?,0,23,194,璐电儫,1,鐑?0101,鏅€氱儫,10101,鍥戒骇鏅€氱儫,NULL,NULL,NULL,NULL,鐩?鏅€?1*10,7000813,闀挎槬甯傜儫鑽夊叕鍙?13,XTD_product_20190330.csv,NULL,
xtd,2019/3/30,3000/9/1,3000072,鍒╃兢(瑗垮瓙闃冲厜),0,31,416,鍒╃兢,1,鐑?0102,寮傚瀷鐑?010201,寮傚瀷鐑?NULL,NULL,NULL,NULL,鐩?寮傚瀷,1*10,7000813,闀挎槬甯傜儫鑽夊叕鍙?13,XTD_product_20190330.csv,NULL,,
xtd,2018/8/14,2019/3/30,3000077,浜戠儫(绁炵鑺卞洯),0,32,770,浜戠儫,1,鐑?0102,寮傚瀷鐑?010201,寮傚瀷鐑?NULL,NULL,NULL,NULL,鐩?寮傚瀷,1*10,7000813,闀挎槬甯傜儫鑽夊叕鍙?16,XTD_product_20180814.csv,NULL,,
xtd,2019/3/30,3000/9/1,3000083,绾㈡渤(灏忕唺鐚笘绾),0,10,240,绾㈡渤,1,鐑?0101,鏅€氱儫,10101,鍥戒骇鏅€氱儫,NULL,NULL,NULL,NULL,鐩?鏅€?1*10,7000813,闀挎槬甯傜儫鑽夊叕鍙?13,XTD_product_20190330.csv,NULL,
xtd,2018/8/14,2018/8/31,3000086,绾㈤噾榫?纭摑鐖变綘),0,10,241,绾㈤噾榫?01,鐑?0102,寮傚瀷鐑?010201,寮傚瀷鐑?NULL,NULL,NULL,NULL,鐩?寮傚瀷,1*10,7000813,闀挎槬甯傜儫鑽夊叕鍙?16,XTD_product_20180814.csv,NULL,,,
xtd,2018/8/14,2019/3/30,3000091,榛勫北(澶ч粍灞辩粏鏀?,0,19,272,榛勫北,1,鐑?0102,寮傚瀷鐑?010201,寮傚瀷鐑?NULL,NULL,NULL,NULL,鐩?NULL,1*10,7000813,闀挎槬甯傜儫鑽夊叕鍙?16,XTD_product_20180814.csv,NULL,,
xtd,2019/3/30,3000/9/1,3000094,榛勬灉鏍戯紙杞級,0,2.5,269,榛勬灉鏍?01,鐑?0101,鏅€氱儫,10101,鍥戒骇鏅€氱儫,NULL,NULL,NULL,NULL,鐩?鏅€?1*10,7000813,闀挎槬甯傜儫鑽夊叕鍙?13,XTD_product_20190330.csv,NULL,,
xtd,2018/8/14,2019/3/30,3000099,555(寮?,0,53,1,555,1,鐑?0102,寮傚瀷鐑?010201,寮傚瀷鐑?NULL,NULL,NULL,NULL,鐩?寮傚瀷,1*10,7000813,闀挎槬甯傜儫鑽夊叕鍙?16,XTD_product_20180814.csv,NULL,,
xtd,2019/3/30,3000/9/1,3000102,榛勯工妤?闆箣鏅?鍙?,0,12,270,榛勯工妤?01,鐑?0102,寮傚瀷鐑?010201,寮傚瀷鐑?NULL,NULL,NULL,NULL,鐩?寮傚瀷,1*10,7000813,闀挎槬甯傜儫鑽夊叕鍙?13,XTD_product_20190330.csv,NULL,,,
xtd,2018/8/14,2019/3/30,3000107,濞囧瓙(鏍艰皟缁嗘敮),0,15,310,濞囧瓙,1,鐑?0102,寮傚瀷鐑?010201,寮傚瀷鐑?NULL,NULL,NULL,NULL,鐩?寮傚瀷,1*10,7000813,闀挎槬甯傜儫鑽夊叕鍙?16,XTD_product_20180814.csv,NULL,,
xtd,2019/3/30,3000/9/1,3000111,闀跨櫧灞?澶╄摑),0,10,90,闀跨櫧灞?01,鐑?0101,鏅€氱儫,10101,鍥戒骇鏅€氱儫,NULL,NULL,NULL,NULL,鐩?鏅€?1*10,7000813,闀挎槬甯傜儫鑽夊叕鍙?13,XTD_product_20190330.csv,NULL,,
xtd,2018/8/14,2019/3/30,3000114,涓冩槦鐗圭函(MEVIUS),0,18,-,鏈煡,1,鐑?0101,鏅€氱儫,10101,鍥戒骇鏅€氱儫,NULL,NULL,NULL,NULL,鐩?鏅€?1*10,7000813,闀挎槬甯傜儫鑽夊叕鍙?16,XTD_product_20180814.csv,NULL,
xtd,2019/3/30,3000/9/1,3000119,榛勯工妤?闆箣鏅?鍙?,0,20,270,榛勯工妤?01,鐑?0102,寮傚瀷鐑?010201,寮傚瀷鐑?NULL,NULL,NULL,NULL,鐩?寮傚瀷,1*10,7000813,闀挎槬甯傜儫鑽夊叕鍙?13,XTD_product_20190330.csv,NULL,,,
xtd,2019/3/30,3000/9/1,3000120,鐜嬪啝(缁忓吀8鍙?,0,200,-,鏈煡,1,鐑?0102,寮傚瀷鐑?010201,寮傚瀷鐑?NULL,NULL,NULL,NULL,鐩?NULL,1*1,7000813,闀挎槬甯傜儫鑽夊叕鍙?13,XTD_product_20190330.csv,NULL,,
xtd,2018/8/14,2019/3/30,3000125,绾㈠灞?浼犲),0,14,249,绾㈠灞?01,鐑?0101,鏅€氱儫,10101,鍥戒骇鏅€氱儫,NULL,NULL,NULL,NULL,鐩?NULL,1*10,7000813,闀挎槬甯傜儫鑽夊叕鍙?16,XTD_product_20180814.csv,NULL,
xtd,2019/3/30,3000/9/1,3000128,鐧芥矙(纭ぉ澶╁悜涓婄粏鏀?,0,15,35,鐧芥矙,1,鐑?0102,寮傚瀷鐑?010201,寮傚瀷鐑?NULL,NULL,NULL,NULL,鐩?寮傚瀷,1*10,7000813,闀挎槬甯傜儫鑽夊叕鍙?13,XTD_product_20190330.csv,NULL,,
xtd,2018/8/14,2019/3/30,3000132,鍗椾含(鍗佷簩閽椾腑寮忔贩鍚堝瀷),0,20,486,鍗椾含,1,鐑?0102,寮傚瀷鐑?010201,寮傚瀷鐑?NULL,NULL,NULL,NULL,鐩?寮傚瀷,1*10,7000813,闀挎槬甯傜儫鑽夊叕鍙?16,XTD_product_20180814.csv,NULL,,
xtd,2019/3/30,3000/9/1,3000137,鑺欒搲鐜?纭孩甯?,0,30,158,鑺欒搲鐜?01,鐑?0101,鏅€氱儫,10101,鍥戒骇鏅€氱儫,NULL,NULL,NULL,NULL,鐩?鏅€?1*10,7000813,闀挎槬甯傜儫鑽夊叕鍙?13,XTD_product_20190330.csv,NULL,,
xtd,2018/8/14,2019/3/30,3000143,搴愬北(澶х孩杩?,0,5,436,搴愬北,1,鐑?0101,鏅€氱儫,10101,鍥戒骇鏅€氱儫,NULL,NULL,NULL,NULL,鐩?鏅€?1*10,7000813,闀挎槬甯傜儫鑽夊叕鍙?16,XTD_product_20180814.csv,NULL,
xtd,2019/3/30,3000/9/1,3000146,榛勫北(璁板繂),0,14,272,榛勫北,1,鐑?0102,寮傚瀷鐑?010201,寮傚瀷鐑?NULL,NULL,NULL,NULL,鐩?寮傚瀷,1*10,7000813,闀挎槬甯傜儫鑽夊叕鍙?13,XTD_product_20190330.csv,NULL,,
xtd,2018/8/14,2019/3/30,3000150,榛勫北(绾㈡柟鍗扮粏鏀?,0,20,272,榛勫北,1,鐑?0102,寮傚瀷鐑?010201,寮傚瀷鐑?NULL,NULL,NULL,NULL,鐩?寮傚瀷,1*10,7000813,闀挎槬甯傜儫鑽夊叕鍙?16,XTD_product_20180814.csv,NULL,,
xtd,2019/3/30,3000/9/1,3000155,闀跨櫧灞?鏈壊),0,20,-,鏈煡,1,鐑?0101,鏅€氱儫,10101,鍥戒骇鏅€氱儫,NULL,NULL,NULL,NULL,鐩?鏅€?1*10,7000813,闀挎槬甯傜儫鑽夊叕鍙?13,XTD_product_20190330.csv,NULL,
xtd,2018/8/14,2019/3/30,3000158,555锛堥噾閿愶級,0,16,1,555,1,鐑?0101,鏅€氱儫,10101,鍥戒骇鏅€氱儫,NULL,NULL,NULL,NULL,鐩?鏅€?1*10,7000813,闀挎槬甯傜儫鑽夊叕鍙?16,XTD_product_20180814.csv,NULL,
xtd,2019/3/30,3000/9/1,3000002,闀跨櫧灞憋紙5mg锛?NULL,33,90,闀跨櫧灞?01,鐑?0101,鏅€氱儫,10101,鍥戒骇鏅€氱儫,NULL,NULL,NULL,NULL,鐩?鏅€?1*10,7000813,闀挎槬甯傜儫鑽夊叕鍙?13,XTD_product_20190330.csv,NULL,,,
xtd,2018/8/14,2018/12/16,3000007,閲戞ˉ(杞贩),0,6.5,330,閲戞ˉ,1,鐑?0101,鏅€氱儫,10101,鍥戒骇鏅€氱儫,NULL,NULL,NULL,NULL,鐩?鏅€?1*10,7000813,闀挎槬甯傜儫鑽夊叕鍙?16,XTD_product_20180814.csv,NULL,
xtd,2018/8/14,2019/3/30,3000010,鍒╃兢锛堣蒋闀垮槾锛?NULL,36,416,鍒╃兢,1,鐑?0101,鏅€氱儫,10101,鍥戒骇鏅€氱儫,NULL,NULL,NULL,NULL,鐩?鏅€?1*10,7000813,闀挎槬甯傜儫鑽夊叕鍙?16,XTD_product_20180814.csv,NULL,,
xtd,2019/3/30,3000/9/1,3000015,娉板北锛堢孩灏嗗啗锛?NULL,7,599,娉板北,1,鐑?0101,鏅€氱儫,10101,鍥戒骇鏅€氱儫,NULL,NULL,NULL,NULL,鐩?鏅€?1*10,7000813,闀挎槬甯傜儫鑽夊叕鍙?13,XTD_product_20190330.csv,NULL,,
xtd,2018/8/14,2019/3/30,3000018,闀跨櫧灞憋紙浜哄弬锛?NULL,15,90,闀跨櫧灞?01,鐑?0101,鏅€氱儫,10101,鍥戒骇鏅€氱儫,NULL,NULL,NULL,NULL,鐩?鏅€?1*10,7000813,闀挎槬甯傜儫鑽夊叕鍙?16,XTD_product_20180814.csv,NULL,,,
xtd,2018/8/14,2019/3/30,3000021,榛勯噾鍙讹紙閲戞弧鍫傦級,0,11,271,榛勯噾鍙?01,鐑?0101,鏅€氱儫,10101,鍥戒骇鏅€氱儫,NULL,NULL,NULL,NULL,鐩?鏅€?1*10,7000813,闀挎槬甯傜儫鑽夊叕鍙?16,XTD_product_20180814.csv,NULL,,
xtd,2019/3/30,3000/9/1,3000024,绾㈠灞辩‖鍥介檯,0,11,249,绾㈠灞?01,鐑?0101,鏅€氱儫,10101,鍥戒骇鏅€氱儫,NULL,NULL,NULL,NULL,鐩?鏅€?1*10,7000813,闀挎槬甯傜儫鑽夊叕鍙?13,XTD_product_20190330.csv,NULL,,
xtd,2018/8/14,2019/3/30,3000029,纭孩鍙屽枩(8mg),0,9,248,绾㈠弻鍠?01,鐑?0101,鏅€氱儫,10101,鍥戒骇鏅€氱儫,NULL,NULL,NULL,NULL,鐩?鏅€?1*10,7000813,闀挎槬甯傜儫鑽夊叕鍙?16,XTD_product_20180814.csv,NULL,,
xtd,2018/8/14,2019/3/30,3000032,鍏板窞锛?6鏀悏绁ワ級,0,20,378,鍏板窞,1,鐑?0102,寮傚瀷鐑?010201,寮傚瀷鐑?NULL,NULL,NULL,NULL,鐩?寮傚瀷,1*10,7000813,闀挎槬甯傜儫鑽夊叕鍙?16,XTD_product_20180814.csv,NULL,,
xtd,2019/3/30,3000/9/1,3000037,闀跨櫧灞憋紙纭闊碉級,0,25,90,闀跨櫧灞?01,鐑?0102,寮傚瀷鐑?010201,寮傚瀷鐑?NULL,NULL,NULL,NULL,鐩?寮傚瀷,1*10,7000813,闀挎槬甯傜儫鑽夊叕鍙?13,XTD_product_20190330.csv,NULL,,,
xtd,2018/8/14,2019/3/30,3000043,鍒╃兢(8mg鏂扮増),0,14,416,鍒╃兢,1,鐑?0101,鏅€氱儫,10101,鍥戒骇鏅€氱儫,NULL,NULL,NULL,NULL,鐩?鏅€?1*10,7000813,闀挎槬甯傜儫鑽夊叕鍙?16,XTD_product_20180814.csv,NULL,
xtd,2019/3/30,3000/9/1,3000046,闀跨櫧灞憋紙楦胯繍锛?NULL,15,90,闀跨櫧灞?01,鐑?0101,鏅€氱儫,10101,鍥戒骇鏅€氱儫,NULL,NULL,NULL,NULL,鐩?鏅€?1*10,7000813,闀挎槬甯傜儫鑽夊叕鍙?13,XTD_product_20190330.csv,NULL,,,
xtd,2018/10/22,2019/2/24,3000048,鍗椾含(鐐但闂?,0,18,486,鍗椾含,1,鐑?0102,寮傚瀷鐑?010201,寮傚瀷鐑?NULL,NULL,NULL,NULL,鐩?寮傚瀷,1*10,7000813,闀挎槬甯傜儫鑽夊叕鍙?16,XTD_product_20181022.csv,NULL,,
xtd,2019/2/28,2019/3/30,3000048,鍗椾含(鐐但闂?,0,18,486,鍗椾含,1,鐑?0102,寮傚瀷鐑?010201,寮傚瀷鐑?NULL,NULL,NULL,NULL,鐩?寮傚瀷,1*10,7000813,闀挎槬甯傜儫鑽夊叕鍙?16,XTD_product_20190228.csv,NULL,,
xtd,2019/3/30,3000/9/1,3000051,榛勯工妤?澶╀笅鍚嶆ゼ),0,16,270,榛勯工妤?01,鐑?0102,寮傚瀷鐑?010201,寮傚瀷鐑?NULL,NULL,NULL,NULL,鐩?寮傚瀷,1*10,7000813,闀挎槬甯傜儫鑽夊叕鍙?13,XTD_product_20190330.csv,NULL,,,
xtd,2018/8/14,2019/3/30,3000054,浜戠儫(缁垮懠浼﹁礉灏?,0,19,770,浜戠儫,1,鐑?0101,鏅€氱儫,10101,鍥戒骇鏅€氱儫,NULL,NULL,NULL,NULL,鐩?鏅€?1*10,7000813,闀挎槬甯傜儫鑽夊叕鍙?16,XTD_product_20180814.csv,NULL,
xtd,2019/3/30,3000/9/1,3000059,闀跨櫧灞?鍘熷懗),0,50,90,闀跨櫧灞?01,鐑?0102,寮傚瀷鐑?010201,寮傚瀷鐑?NULL,NULL,NULL,NULL,鐩?寮傚瀷,1*10,7000813,闀挎槬甯傜儫鑽夊叕鍙?13,XTD_product_20190330.csv,NULL,,,
xtd,2019/3/30,3000/9/1,3000060,闀跨櫧灞卞皬棣欓瓉,0,22,90,闀跨櫧灞?01,鐑?0102,寮傚瀷鐑?010201,寮傚瀷鐑?NULL,NULL,NULL,NULL,鐩?寮傚瀷,1*10,7000813,闀挎槬甯傜儫鑽夊叕鍙?13,XTD_product_20190330.csv,NULL,,,
xtd,2018/8/14,2019/3/30,3000065,闀跨櫧灞?榛勪汉鍙?,0,16,90,闀跨櫧灞?01,鐑?0101,鏅€氱儫,10101,鍥戒骇鏅€氱儫,NULL,NULL,NULL,NULL,鐩?鏅€?1*10,7000813,闀挎槬甯傜儫鑽夊叕鍙?16,XTD_product_20180814.csv,NULL,,
xtd,2019/3/30,3000/9/1,3000068,鐜夋邯(纭?,0,23,759,鐜夋邯,1,鐑?0101,鏅€氱儫,10101,鍥戒骇鏅€氱儫,NULL,NULL,NULL,NULL,鐩?鏅€?1*10,7000813,闀挎槬甯傜儫鑽夊叕鍙?13,XTD_product_20190330.csv,NULL,
xtd,2019/3/30,3000/9/1,3000073,闀跨櫧灞?777),0,15,90,闀跨櫧灞?01,鐑?0102,寮傚瀷鐑?010201,寮傚瀷鐑?NULL,NULL,NULL,NULL,鐩?寮傚瀷,1*10,7000813,闀挎槬甯傜儫鑽夊叕鍙?13,XTD_product_20190330.csv,NULL,,,
xtd,2018/8/14,2019/3/30,3000076,浜戠儫(浜戦緳),0,16,770,浜戠儫,1,鐑?0101,鏅€氱儫,10101,鍥戒骇鏅€氱儫,NULL,NULL,NULL,NULL,鐩?鏅€?1*10,7000813,闀挎槬甯傜儫鑽夊叕鍙?16,XTD_product_20180814.csv,NULL,
xtd,2019/3/30,3000/9/1,3000082,鐜嬪啝(鍘熷懗9鍙峰鍢?,0,5,-,鏈煡,1,鐑?0102,寮傚瀷鐑?010201,寮傚瀷鐑?NULL,NULL,NULL,NULL,鐩?NULL,1*10,7000813,闀挎槬甯傜儫鑽夊叕鍙?13,XTD_product_20190330.csv,NULL,,
xtd,2018/8/14,2019/3/30,3000087,榛勯噾鍙?鐧惧勾棣欐祿),0,32,271,榛勯噾鍙?01,鐑?0102,寮傚瀷鐑?010201,寮傚瀷鐑?NULL,NULL,NULL,NULL,鐩?寮傚瀷,1*10,7000813,闀挎槬甯傜儫鑽夊叕鍙?16,XTD_product_20180814.csv,NULL,,,
xtd,2018/8/14,2019/3/30,3000090,鍗椾含(闆ㄨ姳鐭?,0,53,486,鍗椾含,1,鐑?0102,寮傚瀷鐑?010201,寮傚瀷鐑?NULL,NULL,NULL,NULL,鐩?寮傚瀷,1*10,7000813,闀挎槬甯傜儫鑽夊叕鍙?16,XTD_product_20180814.csv,NULL,,
xtd,2019/3/30,3000/9/1,3000095,浜戠儫锛堝ぇ浜戯級,0,22,770,浜戠儫,1,鐑?0101,鏅€氱儫,10101,鍥戒骇鏅€氱儫,NULL,NULL,NULL,NULL,鐩?鏅€?1*10,7000813,闀挎槬甯傜儫鑽夊叕鍙?13,XTD_product_20190330.csv,NULL,
xtd,2018/8/14,2019/3/30,3000098,鍏板窞(纭粍),0,4,378,鍏板窞,1,鐑?0101,鏅€氱儫,10101,鍥戒骇鏅€氱儫,NULL,NULL,NULL,NULL,鐩?鏅€?1*10,7000813,闀挎槬甯傜儫鑽夊叕鍙?16,XTD_product_20180814.csv,NULL,
xtd,2019/3/30,3000/9/1,3000103,闀跨櫧灞?娴疯摑),0,6,90,闀跨櫧灞?01,鐑?0101,鏅€氱儫,10101,鍥戒骇鏅€氱儫,NULL,NULL,NULL,NULL,鐩?鏅€?1*10,7000813,闀挎槬甯傜儫鑽夊叕鍙?13,XTD_product_20190330.csv,NULL,,
xtd,2018/8/14,2019/3/30,3000106,鐖卞枩(閾舵澗),0,18,-,鏈煡,1,鐑?0102,寮傚瀷鐑?010201,寮傚瀷鐑?NULL,NULL,NULL,NULL,鐩?寮傚瀷,1*10,7000813,闀挎槬甯傜儫鑽夊叕鍙?16,XTD_product_20180814.csv,NULL,,
xtd,2019/3/30,3000/9/1,3000110,榛勯噾鍙?鐐皻),0,20,271,榛勯噾鍙?01,鐑?0102,寮傚瀷鐑?010201,寮傚瀷鐑?NULL,NULL,NULL,NULL,鐩?寮傚瀷,1*10,7000813,闀挎槬甯傜儫鑽夊叕鍙?13,XTD_product_20190330.csv,NULL,,,
xtd,2018/8/14,2019/3/30,3000115,绾㈠灞?缁嗘敮浼犲),0,15,249,绾㈠灞?01,鐑?0102,寮傚瀷鐑?010201,寮傚瀷鐑?NULL,NULL,NULL,NULL,鐩?寮傚瀷,1*10,7000813,闀挎槬甯傜儫鑽夊叕鍙?16,XTD_product_20180814.csv,NULL,,,
xtd,2019/3/30,3000/9/1,3000118,闀垮煄(閲戝崡鏋?,0,15,91,闀垮煄,1,鐑?0102,寮傚瀷鐑?010201,寮傚瀷鐑?NULL,NULL,NULL,NULL,鐩?寮傚瀷,1*10,7000813,闀挎槬甯傜儫鑽夊叕鍙?13,XTD_product_20190330.csv,NULL,,
xtd,2019/3/30,3000/9/1,3000121,涓囧疂璺?杞噾),0,19,625,涓囧疂璺?01,鐑?0101,鏅€氱儫,10101,鍥戒骇鏅€氱儫,NULL,NULL,NULL,NULL,鐩?鏅€?1*10,7000813,闀挎槬甯傜儫鑽夊叕鍙?13,XTD_product_20190330.csv,NULL,,
xtd,2018/8/14,2019/3/30,3000124,濂界尗(鎷涜储杩涘疂),0,8,213,濂界尗,1,鐑?0101,鏅€氱儫,10101,鍥戒骇鏅€氱儫,NULL,NULL,NULL,NULL,鐩?鏅€?1*10,7000813,闀挎槬甯傜儫鑽夊叕鍙?16,XTD_product_20180814.csv,NULL,
xtd,2019/3/30,3000/9/1,3000129,娉板北(榛戣惫),0,12,599,娉板北,1,鐑?0102,寮傚瀷鐑?010201,寮傚瀷鐑?NULL,NULL,NULL,NULL,鐩?寮傚瀷,1*10,7000813,闀挎槬甯傜儫鑽夊叕鍙?13,XTD_product_20190330.csv,NULL,,
xtd,2018/8/14,2019/3/30,3000133,榛勯工妤?纭摑),0,20,270,榛勯工妤?01,鐑?0101,鏅€氱儫,10101,鍥戒骇鏅€氱儫,NULL,NULL,NULL,NULL,鐩?鏅€?1*10,7000843,闀挎槬甯傜儫鑽夊叕鍙?16,XTD_product_20180814.csv,NULL,,
xtd,2019/3/30,3000/9/1,3000136,榛勯工妤?纭噾鐮傞緳鐑?,0,15,270,榛勯工妤?01,鐑?0101,鏅€氱儫,10101,鍥戒骇鏅€氱儫,NULL,NULL,NULL,NULL,鐩?鏅€?1*10,7000813,闀挎槬甯傜儫鑽夊叕鍙?13,XTD_product_20190330.csv,NULL,,
xtd,2018/8/14,2019/3/30,3000142,绾㈡棗娓?闆寗),0,5,-,鏈煡,1,鐑?0101,鏅€氱儫,10101,鍥戒骇鏅€氱儫,NULL,NULL,NULL,NULL,鐩?鏅€?1*10,7000813,闀挎槬甯傜儫鑽夊叕鍙?16,XTD_product_20180814.csv,NULL,
xtd,2019/3/30,2019/9/11,3000147,榛勫北(鏂颁竴鍝?,0,5,272,榛勫北,1,鐑?0101,鏅€氱儫,10101,鍥戒骇鏅€氱儫,NULL,NULL,NULL,NULL,鐩?鏅€?1*10,7000813,闀挎槬甯傜儫鑽夊叕鍙?13,XTD_product_20190330.csv,NULL,
xtd,2019/9/11,3000/9/1,3000147,榛勫北(鏂颁竴鍝?,0,6,272,榛勫北,1,鐑?0101,鏅€氱儫,10101,鍥戒骇鏅€氱儫,NULL,NULL,NULL,NULL,鐩?鏅€?1*10,7000813,闀挎槬甯傜儫鑽夊叕鍙?13,XTD_product_20190911.csv,NULL,
xtd,2018/8/14,2019/3/30,3000151,555澶╄秺,0,21,-,鏈煡,1,鐑?0101,鏅€氱儫,10101,鍥戒骇鏅€氱儫,NULL,NULL,NULL,NULL,鐩?鏅€?1*10,7000813,闀挎槬甯傜儫鑽夊叕鍙?16,XTD_product_20180814.csv,NULL,
xtd,2018/8/14,2019/3/30,3000001,闀跨櫧灞?绾汉鍙?,0,11,90,闀跨櫧灞?01,鐑?0101,鏅€氱儫,10101,鍥戒骇鏅€氱儫,NULL,NULL,NULL,NULL,鐩?鏅€?1*10,7000813,闀挎槬甯傜儫鑽夊叕鍙?16,XTD_product_20180814.csv,NULL,,
xtd,2019/3/30,3000/9/1,3000004,鑺欒搲鐜?钃?,0,35,158,鑺欒搲鐜?01,鐑?0101,鏅€氱儫,10101,鍥戒骇鏅€氱儫,NULL,NULL,NULL,NULL,鐩?鏅€?1*10,7000813,闀挎槬甯傜儫鑽夊叕鍙?13,XTD_product_20190330.csv,NULL,,
xtd,2018/8/14,2019/3/30,3000009,涓冨尮鐙?鍙ょ敯),0,5.5,512,涓冨尮鐙?01,鐑?0101,鏅€氱儫,10101,鍥戒骇鏅€氱儫,NULL,NULL,NULL,NULL,鐩?鏅€?1*10,7000813,闀挎槬甯傜儫鑽夊叕鍙?16,XTD_product_20180814.csv,NULL,,
xtd,2019/3/30,3000/9/1,3000013,涓冨尮鐙硷紙钃濓級,0,8,512,涓冨尮鐙?01,鐑?0101,鏅€氱儫,10101,鍥戒骇鏅€氱儫,NULL,NULL,NULL,NULL,鐩?鏅€?1*10,7000813,闀挎槬甯傜儫鑽夊叕鍙?13,XTD_product_20190330.csv,NULL,,
xtd,2018/8/14,2019/3/30,3000016,绾㈤噾榫欙紙鏅撴ゼ锛?NULL,14,241,绾㈤噾榫?01,鐑?0102,寮傚瀷鐑?010201,寮傚瀷鐑?NULL,NULL,NULL,NULL,鐩?寮傚瀷,1*10,7000813,闀挎槬甯傜儫鑽夊叕鍙?16,XTD_product_20180814.csv,NULL,,,,
xtd,2019/3/30,3000/9/1,3000022,绾㈠弻鍠滐紙纭櫠娲撅級,0,15,248,绾㈠弻鍠?01,鐑?0101,鏅€氱儫,10101,鍥戒骇鏅€氱儫,NULL,NULL,NULL,NULL,鐩?鏅€?1*10,7000813,闀挎槬甯傜儫鑽夊叕鍙?13,XTD_product_20190330.csv,NULL,,
xtd,2018/8/14,2019/3/30,3000027,绾㈤噾榫欙紙杞弻榫欙級,0,4.5,241,绾㈤噾榫?01,鐑?0101,鏅€氱儫,10101,鍥戒骇鏅€氱儫,NULL,NULL,NULL,NULL,鐩?NULL,1*10,7000813,闀挎槬甯傜儫鑽夊叕鍙?16,XTD_product_20180814.csv,NULL,
xtd,2019/3/30,3000/9/1,3000031,榛勬灉鏍戯紙闀垮緛1935锛?NULL,7.5,269,榛勬灉鏍?01,鐑?0101,鏅€氱儫,10101,鍥戒骇鏅€氱儫,NULL,NULL,NULL,NULL,鐩?鏅€?1*10,7000813,闀挎槬甯傜儫鑽夊叕鍙?13,XTD_product_20190330.csv,NULL,,,
xtd,2018/8/14,2019/3/30,3000034,绾㈡渤(纭?,0,7,240,绾㈡渤,1,鐑?0101,鏅€氱儫,10101,鍥戒骇鏅€氱儫,NULL,NULL,NULL,NULL,鐩?鏅€?1*10,7000813,闀挎槬甯傜儫鑽夊叕鍙?16,XTD_product_20180814.csv,NULL,
xtd,2019/3/30,3000/9/1,3000039,鍙屽枩(杞粡鍏?,0,10,584,鍙屽枩,1,鐑?0101,鏅€氱儫,10101,鍥戒骇鏅€氱儫,NULL,NULL,NULL,NULL,鐩?鏅€?1*10,7000813,闀挎槬甯傜儫鑽夊叕鍙?13,XTD_product_20190330.csv,NULL,
xtd,2019/3/30,3000/9/1,3000040,榛勯工妤?纭弽鍝?,0,45,270,榛勯工妤?01,鐑?0101,鏅€氱儫,10101,鍥戒骇鏅€氱儫,NULL,NULL,NULL,NULL,鐩?NULL,1*10,7000813,闀挎槬甯傜儫鑽夊叕鍙?13,XTD_product_20190330.csv,NULL,
xtd,2018/8/14,2019/3/30,3000045,娉板北(闈掔),0,14,599,娉板北,1,鐑?0101,鏅€氱儫,10101,鍥戒骇鏅€氱儫,NULL,NULL,NULL,NULL,鐩?鏅€?1*10,7000813,闀挎槬甯傜儫鑽夊叕鍙?16,XTD_product_20180814.csv,NULL,
xtd,2019/3/30,3000/9/1,3000048,鍗椾含(鐐但闂?,0,18,486,鍗椾含,1,鐑?0102,寮傚瀷鐑?010201,寮傚瀷鐑?NULL,NULL,NULL,NULL,鐩?寮傚瀷,1*10,7000813,闀挎槬甯傜儫鑽夊叕鍙?13,XTD_product_20190330.csv,NULL,,
xtd,2018/8/14,2019/3/30,3000052,鐜夋邯(杞拰璋?,0,40,759,鐜夋邯,1,鐑?0101,鏅€氱儫,10101,鍥戒骇鏅€氱儫,NULL,NULL,NULL,NULL,鐩?鏅€?1*10,7000813,闀挎槬甯傜儫鑽夊叕鍙?16,XTD_product_20180814.csv,NULL,
xtd,2019/3/30,3000/9/1,3000057,榛勯工妤?纭竾骞寸孩),0,16,270,榛勯工妤?01,鐑?0101,鏅€氱儫,10101,鍥戒骇鏅€氱儫,NULL,NULL,NULL,NULL,鐩?鏅€?1*10,7000813,闀挎槬甯傜儫鑽夊叕鍙?13,XTD_product_20190330.csv,NULL,,
xtd,2018/8/14,2019/3/30,3000063,娉板北(浣涘厜缁嗘敮),0,40,599,娉板北,1,鐑?0102,寮傚瀷鐑?010201,寮傚瀷鐑?NULL,NULL,NULL,NULL,鐩?寮傚瀷,1*10,7000813,闀挎槬甯傜儫鑽夊叕鍙?16,XTD_product_20180814.csv,NULL,,
xtd,2019/3/30,3000/9/1,3000066,涓冨尮鐙?绾),0,16,512,涓冨尮鐙?01,鐑?0102,寮傚瀷鐑?010201,寮傚瀷鐑?NULL,NULL,NULL,NULL,鐩?寮傚瀷,1*10,7000813,闀挎槬甯傜儫鑽夊叕鍙?13,XTD_product_20190330.csv,NULL,,,
xtd,2018/8/14,2019/3/30,3000070,寤虹墝(HD閾?),0,16,-,鏈煡,1,鐑?0101,鏅€氱儫,10101,鍥戒骇鏅€氱儫,NULL,NULL,NULL,NULL,鐩?鏅€?1*10,7000813,闀挎槬甯傜儫鑽夊叕鍙?16,XTD_product_20180814.csv,NULL,
xtd,2019/3/30,3000/9/1,3000075,鍙屽枩(纭孩1906),0,16,584,鍙屽枩,1,鐑?0101,鏅€氱儫,10101,鍥戒骇鏅€氱儫,NULL,NULL,NULL,NULL,鐩?鏅€?1*10,7000813,闀挎槬甯傜儫鑽夊叕鍙?13,XTD_product_20190330.csv,NULL,
xtd,2018/8/14,2019/3/30,3000078,璐电儫(鐢滀埂娲炶棌),0,16,194,璐电儫,1,鐑?0101,鏅€氱儫,10101,鍥戒骇鏅€氱儫,NULL,NULL,NULL,NULL,鐩?鏅€?1*10,7000813,闀挎槬甯傜儫鑽夊叕鍙?16,XTD_product_20180814.csv,NULL,
xtd,2018/8/14,2019/3/30,3000081,榛勫北(澶х孩鏂瑰嵃),0,32,272,榛勫北,1,鐑?0102,寮傚瀷鐑?010201,寮傚瀷鐑?NULL,NULL,NULL,NULL,鐩?寮傚瀷,1*10,7000813,闀挎槬甯傜儫鑽夊叕鍙?16,XTD_product_20180814.csv,NULL,,
xtd,2019/3/30,3000/9/1,3000084,绾㈤噾榫?灏忔椋?,0,4.5,241,绾㈤噾榫?01,鐑?0101,鏅€氱儫,10101,鍥戒骇鏅€氱儫,NULL,NULL,NULL,NULL,鐩?鏅€?1*10,7000813,闀挎槬甯傜儫鑽夊叕鍙?13,XTD_product_20190330.csv,NULL,,
xtd,2018/8/14,2019/3/30,3000089,绾㈤噾榫?杞暱鍩?,0,3,241,绾㈤噾榫?01,鐑?0101,鏅€氱儫,10101,鍥戒骇鏅€氱儫,NULL,NULL,NULL,NULL,鐩?鏅€?1*10,7000813,闀挎槬甯傜儫鑽夊叕鍙?16,XTD_product_20180814.csv,NULL,,
xtd,2019/3/30,3000/9/1,3000093,鐭崇嫯(骞冲畨),0,5,569,鐭崇嫯,1,鐑?0101,鏅€氱儫,10101,鍥戒骇鏅€氱儫,NULL,NULL,NULL,NULL,鐩?鏅€?1*10,7000813,闀挎槬甯傜儫鑽夊叕鍙?13,XTD_product_20190330.csv,NULL,
xtd,2018/8/14,2019/3/30,3000096,榛勯工妤硷紙鍢夌Η缂橈級,0,20,270,榛勯工妤?01,鐑?0102,寮傚瀷鐑?010201,寮傚瀷鐑?NULL,NULL,NULL,NULL,鐩?寮傚瀷,1*10,7000813,闀挎槬甯傜儫鑽夊叕鍙?16,XTD_product_20180814.csv,NULL,,,
xtd,2018/8/14,2019/3/30,3000100,榛勯噾钁?纭ぇ閲戝渾鍙屽崄鏀?,0,21,271,榛勯噾鍙?01,鐑?0102,寮傚瀷鐑?010201,寮傚瀷鐑?NULL,NULL,NULL,NULL,鐩?寮傚瀷,1*10,7000813,闀挎槬甯傜儫鑽夊叕鍙?16,XTD_product_20180814.csv,NULL,,,
xtd,2019/3/30,3000/9/1,3000105,榛勫北(澶у９鍝?,0,11,272,榛勫北,1,鐑?0101,鏅€氱儫,10101,鍥戒骇鏅€氱儫,NULL,NULL,NULL,NULL,鐩?鏅€?1*10,7000813,闀挎槬甯傜儫鑽夊叕鍙?13,XTD_product_20190330.csv,NULL,
xtd,2018/8/14,2019/3/30,3000108,榛勫北(杞枩搴嗙孩鏂瑰嵃),0,20,272,榛勫北,1,鐑?0101,鏅€氱儫,10101,鍥戒骇鏅€氱儫,NULL,NULL,NULL,NULL,鐩?鏅€?1*10,7000813,闀挎槬甯傜儫鑽夊叕鍙?16,XTD_product_20180814.csv,NULL,
xtd,2018/8/14,2019/3/30,3000113,濂界尗(缁嗘敮闀夸箰),0,16,213,濂界尗,1,鐑?0102,寮傚瀷鐑?010201,寮傚瀷鐑?NULL,NULL,NULL,NULL,鐩?寮傚瀷,1*10,7000813,闀挎槬甯傜儫鑽夊叕鍙?16,XTD_product_20180814.csv,NULL,,
xtd,2019/3/30,3000/9/1,3000116,闀垮煄(鐩涗笘5鍙?,0,48,91,闀垮煄,1,鐑?0102,寮傚瀷鐑?010201,寮傚瀷鐑?NULL,NULL,NULL,NULL,鐩?NULL,1*5,7000813,闀挎槬甯傜儫鑽夊叕鍙?13,XTD_product_20190330.csv,NULL,,
xtd,2018/8/14,2019/3/30,3000122,鍝堝皵婊?纭孩),0,7,201,鍝堝痉闂?01,鐑?0101,鏅€氱儫,10101,鍥戒骇鏅€氱儫,NULL,NULL,NULL,NULL,鐩?鏅€?1*10,7000813,闀挎槬甯傜儫鑽夊叕鍙?16,XTD_product_20180814.csv,NULL,,
xtd,2019/3/30,3000/9/1,3000127,绾㈡棗娓?杞孩),0,3,-,鏈煡,1,鐑?0101,鏅€氱儫,10101,鍥戒骇鏅€氱儫,NULL,NULL,NULL,NULL,鐩?NULL,1*10,7000813,闀挎槬甯傜儫鑽夊叕鍙?13,XTD_product_20190330.csv,NULL
xtd,2019/3/30,3000/9/1,3000130,闀垮煄(閱囬泤濂堕),0,13,91,闀垮煄,1,鐑?0102,寮傚瀷鐑?010201,寮傚瀷鐑?NULL,NULL,NULL,NULL,鐩?寮傚瀷,1*10,7000813,闀挎槬甯傜儫鑽夊叕鍙?13,XTD_product_20190330.csv,NULL,,
xtd,2018/8/14,2019/3/30,3000135,绾㈠弻鍠?榫欏嚖),0,11,248,绾㈠弻鍠?01,鐑?0101,鏅€氱儫,10101,鍥戒骇鏅€氱儫,NULL,NULL,NULL,NULL,鐩?鏅€?1*10,7000813,闀挎槬甯傜儫鑽夊叕鍙?16,XTD_product_20180814.csv,NULL,,
xtd,2019/3/30,3000/9/1,3000138,闀垮煄(閱囬泤钖勮嵎),0,15,91,闀垮煄,1,鐑?0102,寮傚瀷鐑?010201,寮傚瀷鐑?NULL,NULL,NULL,NULL,鐩?鏅€?1*10,7000813,闀挎槬甯傜儫鑽夊叕鍙?13,XTD_product_20190330.csv,NULL,,,
xtd,2019/3/30,3000/9/1,3000141,閮藉疂(鏂?,0,3,-,鏈煡,1,鐑?0101,鏅€氱儫,10101,鍥戒骇鏅€氱儫,NULL,NULL,NULL,NULL,鐩?鏅€?1*10,7000813,闀挎槬甯傜儫鑽夊叕鍙?13,XTD_product_20190330.csv,NULL,
xtd,2018/8/14,2019/3/30,3000144,榛勯工妤?纭崡娲嬪弫鍙?,0,15,270,榛勯工妤?01,鐑?0101,鏅€氱儫,10101,鍥戒骇鏅€氱儫,NULL,NULL,NULL,NULL,鐩?鏅€?1*10,7000813,闀挎槬甯傜儫鑽夊叕鍙?16,XTD_product_20180814.csv,NULL,,
xtd,2019/3/30,3000/9/1,3000149,鐜夋邯(缁嗘敮娓呴涓栧),0,26,759,鐜夋邯,1,鐑?0102,寮傚瀷鐑?010201,寮傚瀷鐑?NULL,NULL,NULL,NULL,鐩?寮傚瀷,1*10,7000813,闀挎槬甯傜儫鑽夊叕鍙?13,XTD_product_20190330.csv,NULL,,
xtd,2019/3/30,3000/9/1,3000152,闀跨櫧灞?妗傝姳),0,5,-,鏈煡,1,鐑?0101,鏅€氱儫,10101,鍥戒骇鏅€氱儫,NULL,NULL,NULL,NULL,鐩?鏅€?1*10,7000813,闀挎槬甯傜儫鑽夊叕鍙?13,XTD_product_20190330.csv,NULL,
xtd,2018/8/14,2019/3/30,3000157,鍐櫕澶忚崏,0,100,-,鏈煡,1,鐑?0101,鏅€氱儫,10101,鍥戒骇鏅€氱儫,NULL,NULL,NULL,NULL,鐩?鏅€?1*10,7000813,闀挎槬甯傜儫鑽夊叕鍙?16,XTD_product_20180814.csv,NULL,
xtd,2018/8/14,2019/3/30,3000002,闀跨櫧灞憋紙5mg锛?NULL,33,90,闀跨櫧灞?01,鐑?0101,鏅€氱儫,10101,鍥戒骇鏅€氱儫,NULL,NULL,NULL,NULL,鐩?鏅€?1*10,7000813,闀挎槬甯傜儫鑽夊叕鍙?16,XTD_product_20180814.csv,NULL,,,
xtd,2018/12/16,2019/3/30,3000007,閲戞ˉ(杞贩),0,7,330,閲戞ˉ,1,鐑?0101,鏅€氱儫,10101,鍥戒骇鏅€氱儫,NULL,NULL,NULL,NULL,鐩?鏅€?1*10,7000813,闀挎槬甯傜儫鑽夊叕鍙?16,XTD_product_20181216.csv,NULL,
xtd,2019/3/30,3000/9/1,3000007,閲戞ˉ(杞贩),0,7,330,閲戞ˉ,1,鐑?0101,鏅€氱儫,10101,鍥戒骇鏅€氱儫,NULL,NULL,NULL,NULL,鐩?鏅€?1*10,7000813,闀挎槬甯傜儫鑽夊叕鍙?13,XTD_product_20190330.csv,NULL,
xtd,2019/3/30,3000/9/1,3000010,鍒╃兢锛堣蒋闀垮槾锛?NULL,36,416,鍒╃兢,1,鐑?0101,鏅€氱儫,10101,鍥戒骇鏅€氱儫,NULL,NULL,NULL,NULL,鐩?鏅€?1*10,7000813,闀挎槬甯傜儫鑽夊叕鍙?13,XTD_product_20190330.csv,NULL,,
xtd,2018/8/14,2019/3/30,3000015,娉板北锛堢孩灏嗗啗锛?NULL,7,599,娉板北,1,鐑?0101,鏅€氱儫,10101,鍥戒骇鏅€氱儫,NULL,NULL,NULL,NULL,鐩?鏅€?1*10,7000813,闀挎槬甯傜儫鑽夊叕鍙?16,XTD_product_20180814.csv,NULL,,
xtd,2019/3/30,3000/9/1,3000018,闀跨櫧灞憋紙浜哄弬锛?NULL,15,90,闀跨櫧灞?01,鐑?0101,鏅€氱儫,10101,鍥戒骇鏅€氱儫,NULL,NULL,NULL,NULL,鐩?鏅€?1*10,7000813,闀挎槬甯傜儫鑽夊叕鍙?13,XTD_product_20190330.csv,NULL,,,
xtd,2019/3/30,3000/9/1,3000021,榛勯噾鍙讹紙閲戞弧鍫傦級,0,11,271,榛勯噾鍙?01,鐑?0101,鏅€氱儫,10101,鍥戒骇鏅€氱儫,NULL,NULL,NULL,NULL,鐩?鏅€?1*10,7000813,闀挎槬甯傜儫鑽夊叕鍙?13,XTD_product_20190330.csv,NULL,,
xtd,2018/8/14,2019/3/30,3000024,绾㈠灞辩‖鍥介檯,0,11,249,绾㈠灞?01,鐑?0101,鏅€氱儫,10101,鍥戒骇鏅€氱儫,NULL,NULL,NULL,NULL,鐩?鏅€?1*10,7000813,闀挎槬甯傜儫鑽夊叕鍙?16,XTD_product_20180814.csv,NULL,,
xtd,2019/3/30,3000/9/1,3000029,纭孩鍙屽枩(8mg),0,9,248,绾㈠弻鍠?01,鐑?0101,鏅€氱儫,10101,鍥戒骇鏅€氱儫,NULL,NULL,NULL,NULL,鐩?鏅€?1*10,7000813,闀挎槬甯傜儫鑽夊叕鍙?13,XTD_product_20190330.csv,NULL,,
xtd,2019/3/30,3000/9/1,3000032,鍏板窞锛?6鏀悏绁ワ級,0,20,378,鍏板窞,1,鐑?0102,寮傚瀷鐑?010201,寮傚瀷鐑?NULL,NULL,NULL,NULL,鐩?寮傚瀷,1*10,7000813,闀挎槬甯傜儫鑽夊叕鍙?13,XTD_product_20190330.csv,NULL,,
xtd,2018/8/14,2019/3/30,3000037,闀跨櫧灞憋紙纭闊碉級,0,25,90,闀跨櫧灞?01,鐑?0102,寮傚瀷鐑?010201,寮傚瀷鐑?NULL,NULL,NULL,NULL,鐩?寮傚瀷,1*10,7000813,闀挎槬甯傜儫鑽夊叕鍙?16,XTD_product_20180814.csv,NULL,,,
xtd,2019/3/30,3000/9/1,3000043,鍒╃兢(8mg鏂扮増),0,14,416,鍒╃兢,1,鐑?0101,鏅€氱儫,10101,鍥戒骇鏅€氱儫,NULL,NULL,NULL,NULL,鐩?鏅€?1*10,7000813,闀挎槬甯傜儫鑽夊叕鍙?13,XTD_product_20190330.csv,NULL,
xtd,2018/8/14,2019/3/30,3000046,闀跨櫧灞憋紙楦胯繍锛?NULL,15,90,闀跨櫧灞?01,鐑?0101,鏅€氱儫,10101,鍥戒骇鏅€氱儫,NULL,NULL,NULL,NULL,鐩?鏅€?1*10,7000813,闀挎槬甯傜儫鑽夊叕鍙?16,XTD_product_20180814.csv,NULL,,,
xtd,2018/8/14,2019/3/30,3000051,榛勯工妤?澶╀笅鍚嶆ゼ),0,16,270,榛勯工妤?01,鐑?0102,寮傚瀷鐑?010201,寮傚瀷鐑?NULL,NULL,NULL,NULL,鐩?寮傚瀷,1*10,7000813,闀挎槬甯傜儫鑽夊叕鍙?16,XTD_product_20180814.csv,NULL,,,
xtd,2019/3/30,3000/9/1,3000054,浜戠儫(缁垮懠浼﹁礉灏?,0,19,770,浜戠儫,1,鐑?0101,鏅€氱儫,10101,鍥戒骇鏅€氱儫,NULL,NULL,NULL,NULL,鐩?鏅€?1*10,7000813,闀挎槬甯傜儫鑽夊叕鍙?13,XTD_product_20190330.csv,NULL,
xtd,2018/8/14,2019/3/30,3000059,闀跨櫧灞?鍘熷懗),0,50,90,闀跨櫧灞?01,鐑?0102,寮傚瀷鐑?010201,寮傚瀷鐑?NULL,NULL,NULL,NULL,鐩?寮傚瀷,1*10,7000813,闀挎槬甯傜儫鑽夊叕鍙?16,XTD_product_20180814.csv,NULL,,,
xtd,2018/8/14,2019/3/30,3000060,闀跨櫧灞卞皬棣欓瓉,0,22,90,闀跨櫧灞?01,鐑?0102,寮傚瀷鐑?010201,寮傚瀷鐑?NULL,NULL,NULL,NULL,鐩?寮傚瀷,1*10,7000813,闀挎槬甯傜儫鑽夊叕鍙?16,XTD_product_20180814.csv,NULL,,,
xtd,2019/3/30,3000/9/1,3000065,闀跨櫧灞?榛勪汉鍙?,0,16,90,闀跨櫧灞?01,鐑?0101,鏅€氱儫,10101,鍥戒骇鏅€氱儫,NULL,NULL,NULL,NULL,鐩?鏅€?1*10,7000813,闀挎槬甯傜儫鑽夊叕鍙?13,XTD_product_20190330.csv,NULL,,
xtd,2018/8/14,2019/3/30,3000068,鐜夋邯(纭?,0,23,759,鐜夋邯,1,鐑?0101,鏅€氱儫,10101,鍥戒骇鏅€氱儫,NULL,NULL,NULL,NULL,鐩?鏅€?1*10,7000813,闀挎槬甯傜儫鑽夊叕鍙?16,XTD_product_20180814.csv,NULL,
xtd,2018/8/14,2019/3/30,3000073,闀跨櫧灞?777),0,15,90,闀跨櫧灞?01,鐑?0102,寮傚瀷鐑?010201,寮傚瀷鐑?NULL,NULL,NULL,NULL,鐩?寮傚瀷,1*10,7000813,闀挎槬甯傜儫鑽夊叕鍙?16,XTD_product_20180814.csv,NULL,,,
xtd,2019/3/30,3000/9/1,3000076,浜戠儫(浜戦緳),0,16,770,浜戠儫,1,鐑?0101,鏅€氱儫,10101,鍥戒骇鏅€氱儫,NULL,NULL,NULL,NULL,鐩?鏅€?1*10,7000813,闀挎槬甯傜儫鑽夊叕鍙?13,XTD_product_20190330.csv,NULL,
xtd,2018/8/14,2019/3/30,3000082,鐜嬪啝(鍘熷懗9鍙峰鍢?,0,5,-,鏈煡,1,鐑?0102,寮傚瀷鐑?010201,寮傚瀷鐑?NULL,NULL,NULL,NULL,鐩?NULL,1*10,7000813,闀挎槬甯傜儫鑽夊叕鍙?16,XTD_product_20180814.csv,NULL,,
xtd,2019/3/30,3000/9/1,3000087,榛勯噾鍙?鐧惧勾棣欐祿),0,32,271,榛勯噾鍙?01,鐑?0102,寮傚瀷鐑?010201,寮傚瀷鐑?NULL,NULL,NULL,NULL,鐩?寮傚瀷,1*10,7000813,闀挎槬甯傜儫鑽夊叕鍙?13,XTD_product_20190330.csv,NULL,,,
xtd,2019/3/30,3000/9/1,3000090,鍗椾含(闆ㄨ姳鐭?,0,53,486,鍗椾含,1,鐑?0102,寮傚瀷鐑?010201,寮傚瀷鐑?NULL,NULL,NULL,NULL,鐩?寮傚瀷,1*10,7000813,闀挎槬甯傜儫鑽夊叕鍙?13,XTD_product_20190330.csv,NULL,,
xtd,2018/8/14,2019/3/30,3000095,浜戠儫锛堝ぇ浜戯級,0,22,770,浜戠儫,1,鐑?0101,鏅€氱儫,10101,鍥戒骇鏅€氱儫,NULL,NULL,NULL,NULL,鐩?鏅€?1*10,7000813,闀挎槬甯傜儫鑽夊叕鍙?16,XTD_product_20180814.csv,NULL,
xtd,2019/3/30,3000/9/1,3000098,鍏板窞(纭粍),0,4,378,鍏板窞,1,鐑?0101,鏅€氱儫,10101,鍥戒骇鏅€氱儫,NULL,NULL,NULL,NULL,鐩?鏅€?1*10,7000813,闀挎槬甯傜儫鑽夊叕鍙?13,XTD_product_20190330.csv,NULL,
xtd,2018/8/14,2019/3/30,3000103,闀跨櫧灞?娴疯摑),0,6,90,闀跨櫧灞?01,鐑?0101,鏅€氱儫,10101,鍥戒骇鏅€氱儫,NULL,NULL,NULL,NULL,鐩?鏅€?1*10,7000813,闀挎槬甯傜儫鑽夊叕鍙?16,XTD_product_20180814.csv,NULL,,
xtd,2019/3/30,3000/9/1,3000106,鐖卞枩(閾舵澗),0,18,-,鏈煡,1,鐑?0102,寮傚瀷鐑?010201,寮傚瀷鐑?NULL,NULL,NULL,NULL,鐩?寮傚瀷,1*10,7000813,闀挎槬甯傜儫鑽夊叕鍙?13,XTD_product_20190330.csv,NULL,,
xtd,2018/8/14,2019/3/30,3000110,榛勯噾鍙?鐐皻),0,20,271,榛勯噾鍙?01,鐑?0102,寮傚瀷鐑?010201,寮傚瀷鐑?NULL,NULL,NULL,NULL,鐩?寮傚瀷,1*10,7000813,闀挎槬甯傜儫鑽夊叕鍙?16,XTD_product_20180814.csv,NULL,,,
xtd,2019/3/30,3000/9/1,3000115,绾㈠灞?缁嗘敮浼犲),0,15,249,绾㈠灞?01,鐑?0102,寮傚瀷鐑?010201,寮傚瀷鐑?NULL,NULL,NULL,NULL,鐩?寮傚瀷,1*10,7000813,闀挎槬甯傜儫鑽夊叕鍙?13,XTD_product_20190330.csv,NULL,,,
xtd,2018/8/14,2019/3/30,3000118,闀垮煄(閲戝崡鏋?,0,15,91,闀垮煄,1,鐑?0102,寮傚瀷鐑?010201,寮傚瀷鐑?NULL,NULL,NULL,NULL,鐩?寮傚瀷,1*10,7000813,闀挎槬甯傜儫鑽夊叕鍙?16,XTD_product_20180814.csv,NULL,,
xtd,2018/8/14,2019/3/30,3000121,涓囧疂璺?杞噾),0,19,625,涓囧疂璺?01,鐑?0101,鏅€氱儫,10101,鍥戒骇鏅€氱儫,NULL,NULL,NULL,NULL,鐩?鏅€?1*10,7000813,闀挎槬甯傜儫鑽夊叕鍙?16,XTD_product_20180814.csv,NULL,,
xtd,2019/3/30,3000/9/1,3000124,濂界尗(鎷涜储杩涘疂),0,8,213,濂界尗,1,鐑?0101,鏅€氱儫,10101,鍥戒骇鏅€氱儫,NULL,NULL,NULL,NULL,鐩?鏅€?1*10,7000813,闀挎槬甯傜儫鑽夊叕鍙?13,XTD_product_20190330.csv,NULL,
xtd,2018/8/14,2019/3/30,3000129,娉板北(榛戣惫),0,12,599,娉板北,1,鐑?0102,寮傚瀷鐑?010201,寮傚瀷鐑?NULL,NULL,NULL,NULL,鐩?寮傚瀷,1*10,7000813,闀挎槬甯傜儫鑽夊叕鍙?16,XTD_product_20180814.csv,NULL,,
xtd,2019/3/30,3000/9/1,3000133,榛勯工妤?纭摑),0,20,270,榛勯工妤?01,鐑?0101,鏅€氱儫,10101,鍥戒骇鏅€氱儫,NULL,NULL,NULL,NULL,鐩?鏅€?1*10,7000843,闀挎槬甯傜儫鑽夊叕鍙?13,XTD_product_20190330.csv,NULL,,
xtd,2018/8/14,2019/3/30,3000136,榛勯工妤?纭噾鐮傞緳鐑?,0,15,270,榛勯工妤?01,鐑?0101,鏅€氱儫,10101,鍥戒骇鏅€氱儫,NULL,NULL,NULL,NULL,鐩?鏅€?1*10,7000813,闀挎槬甯傜儫鑽夊叕鍙?16,XTD_product_20180814.csv,NULL,,
xtd,2019/3/30,3000/9/1,3000142,绾㈡棗娓?闆寗),0,5,-,鏈煡,1,鐑?0101,鏅€氱儫,10101,鍥戒骇鏅€氱儫,NULL,NULL,NULL,NULL,鐩?鏅€?1*10,7000813,闀挎槬甯傜儫鑽夊叕鍙?13,XTD_product_20190330.csv,NULL,
xtd,2018/8/14,2019/3/30,3000147,榛勫北(鏂颁竴鍝?,0,5,272,榛勫北,1,鐑?0101,鏅€氱儫,10101,鍥戒骇鏅€氱儫,NULL,NULL,NULL,NULL,鐩?鏅€?1*10,7000813,闀挎槬甯傜儫鑽夊叕鍙?16,XTD_product_20180814.csv,NULL,
xtd,2019/3/30,3000/9/1,3000151,555澶╄秺,0,21,-,鏈煡,1,鐑?0101,鏅€氱儫,10101,鍥戒骇鏅€氱儫,NULL,NULL,NULL,NULL,鐩?鏅€?1*10,7000813,闀挎槬甯傜儫鑽夊叕鍙?13,XTD_product_20190330.csv,NULL,
xtd,2018/8/14,2019/3/30,3000154,闀跨櫧灞?蹇冨綊),0,15,-,鏈煡,1,鐑?0101,鏅€氱儫,10101,鍥戒骇鏅€氱儫,NULL,NULL,NULL,NULL,鐩?鏅€?1*10,7000813,闀挎槬甯傜儫鑽夊叕鍙?16,XTD_product_20180814.csv,NULL,
xtd,2019/3/30,3000/9/1,3000159,555锛堥噾锛?NULL,16,1,555,1,鐑?0101,鏅€氱儫,10101,鍥戒骇鏅€氱儫,NULL,NULL,NULL,NULL,鐩?鏅€?1*10,7000813,闀挎槬甯傜儫鑽夊叕鍙?13,XTD_product_20190330.csv,NULL,,
xtd,2018/8/14,2019/3/30,3000003,闀跨櫧灞憋紙閾讹級,0,9,90,闀跨櫧灞?01,鐑?0101,鏅€氱儫,10101,鍥戒骇鏅€氱儫,NULL,NULL,NULL,NULL,鐩?鏅€?1*10,7000813,闀挎槬甯傜儫鑽夊叕鍙?16,XTD_product_20180814.csv,NULL,,
xtd,2019/3/30,3000/9/1,3000006,閲戞ˉ(鑻变鸡濂堕),0,11,330,閲戞ˉ,1,鐑?0102,寮傚瀷鐑?010201,寮傚瀷鐑?NULL,NULL,NULL,NULL,鐩?寮傚瀷,1*10,7000813,闀挎槬甯傜儫鑽夊叕鍙?13,XTD_product_20190330.csv,NULL,,
xtd,2019/3/30,3000/9/1,3000011,榛勫北锛堣蒋涓€鍝侊級,0,6.5,272,榛勫北,1,鐑?0101,鏅€氱儫,10101,鍥戒骇鏅€氱儫,NULL,NULL,NULL,NULL,鐩?鏅€?1*10,7000813,闀挎槬甯傜儫鑽夊叕鍙?13,XTD_product_20190330.csv,NULL,
xtd,2018/8/14,2019/3/30,3000014,浜戠儫锛堝皬鐔婄尗锛?NULL,22,770,浜戠儫,1,鐑?0101,鏅€氱儫,10101,鍥戒骇鏅€氱儫,NULL,NULL,NULL,NULL,鐩?鏅€?1*10,7000813,闀挎槬甯傜儫鑽夊叕鍙?16,XTD_product_20180814.csv,NULL,,
xtd,2019/3/30,3000/9/1,3000019,濞囧瓙锛堢‖榫欏嚖涓栫邯鏈濓級,0,6.5,310,濞囧瓙,1,鐑?0101,鏅€氱儫,10101,鍥戒骇鏅€氱儫,NULL,NULL,NULL,NULL,鐩?鏅€?1*10,7000813,闀挎槬甯傜儫鑽夊叕鍙?13,XTD_product_20190330.csv,NULL,
xtd,2019/3/30,3000/9/1,3000020,闀跨櫧灞?鎻借儨),0,22,90,闀跨櫧灞?01,鐑?0102,寮傚瀷鐑?010201,寮傚瀷鐑?NULL,NULL,NULL,NULL,鐩?寮傚瀷,1*10,7000813,闀挎槬甯傜儫鑽夊叕鍙?13,XTD_product_20190330.csv,NULL,,,
xtd,2018/8/14,2019/3/30,3000025,榛勯工妤硷紙杞缚杩愶級,0,16,270,榛勯工妤?01,鐑?0101,鏅€氱儫,10101,鍥戒骇鏅€氱儫,NULL,NULL,NULL,NULL,鐩?鏅€?1*10,7000813,闀挎槬甯傜儫鑽夊叕鍙?16,XTD_product_20180814.csv,NULL,,
xtd,2019/3/30,3000/9/1,3000028,鍗椾含锛堢簿鍝侊級,0,22,486,鍗椾含,1,鐑?0101,鏅€氱儫,10101,鍥戒骇鏅€氱儫,NULL,NULL,NULL,NULL,鐩?鏅€?1*10,7000813,闀挎槬甯傜儫鑽夊叕鍙?13,XTD_product_20190330.csv,NULL,
xtd,2019/3/30,3000/9/1,3000033,鑺欒搲鐜嬶紙杞摑锛?NULL,56,158,鑺欒搲鐜?01,鐑?0101,鏅€氱儫,10101,鍥戒骇鏅€氱儫,NULL,NULL,NULL,NULL,鐩?鏅€?1*10,7000813,闀挎槬甯傜儫鑽夊叕鍙?13,XTD_product_20190330.csv,NULL,,,
xtd,2018/8/14,2019/3/30,3000036,绾㈠弻鍠?鍗楁磱杞?,0,6.5,248,绾㈠弻鍠?01,鐑?0101,鏅€氱儫,10101,鍥戒骇鏅€氱儫,NULL,NULL,NULL,NULL,鐩?鏅€?1*10,7000813,闀挎槬甯傜儫鑽夊叕鍙?16,XTD_product_20180814.csv,NULL,,
xtd,2019/3/30,3000/9/1,3000042,閽荤煶(纭摑鏂颁竴浠?,0,6.5,-,鏈煡,1,鐑?0101,鏅€氱儫,10101,鍥戒骇鏅€氱儫,NULL,NULL,NULL,NULL,鐩?NULL,1*10,7000813,闀挎槬甯傜儫鑽夊叕鍙?13,XTD_product_20190330.csv,NULL
xtd,2018/8/14,2019/3/30,3000047,鍝堝痉闂ㄧ簿鍝?NULL,5,201,鍝堝痉闂?01,鐑?0101,鏅€氱儫,10101,鍥戒骇鏅€氱儫,NULL,NULL,NULL,NULL,鐩?NULL,1*10,7000813,闀挎槬甯傜儫鑽夊叕鍙?16,XTD_product_20180814.csv,NULL,,
xtd,2019/2/24,2019/2/28,3000048,鍗椾含(鐐但闂?,0,17,486,鍗椾含,1,鐑?0102,寮傚瀷鐑?010201,寮傚瀷鐑?NULL,NULL,NULL,NULL,鐩?寮傚瀷,1*10,7000813,闀挎槬甯傜儫鑽夊叕鍙?16,XTD_product_20190224.csv,NULL,,
xtd,2018/8/14,2019/3/30,3000050,榛勫北(灏忕孩鏂瑰嵃),0,22,272,榛勫北,1,鐑?0101,鏅€氱儫,10101,鍥戒骇鏅€氱儫,NULL,NULL,NULL,NULL,鐩?鏅€?1*10,7000813,闀挎槬甯傜儫鑽夊叕鍙?16,XTD_product_20180814.csv,NULL,
xtd,2019/3/30,3000/9/1,3000055,鍗椾含(鍗佷簩閽楃儰鐑?,0,28,486,鍗椾含,1,鐑?0102,寮傚瀷鐑?010201,寮傚瀷鐑?NULL,NULL,NULL,NULL,鐩?寮傚瀷,1*10,7000813,闀挎槬甯傜儫鑽夊叕鍙?13,XTD_product_20190330.csv,NULL,,
xtd,2018/8/14,2019/3/30,3000058,榛勯工妤?杞洩涔嬫櫙),0,14,270,榛勯工妤?01,鐑?0101,鏅€氱儫,10101,鍥戒骇鏅€氱儫,NULL,NULL,NULL,NULL,鐩?鏅€?1*10,7000813,闀挎槬甯傜儫鑽夊叕鍙?16,XTD_product_20180814.csv,NULL,,
xtd,2018/8/14,2019/3/30,3000061,濞囧瓙(X鐢熻倴),0,19,310,濞囧瓙,1,鐑?0102,寮傚瀷鐑?010201,寮傚瀷鐑?NULL,NULL,NULL,NULL,鐩?寮傚瀷,1*10,7000813,闀挎槬甯傜儫鑽夊叕鍙?16,XTD_product_20180814.csv,NULL,,
xtd,2019/3/30,3000/9/1,3000064,闀跨櫧灞?濂借繍),0,9,90,闀跨櫧灞?01,鐑?0101,鏅€氱儫,10101,鍥戒骇鏅€氱儫,NULL,NULL,NULL,NULL,鐩?鏅€?1*10,7000813,闀挎槬甯傜儫鑽夊叕鍙?13,XTD_product_20190330.csv,NULL,,
xtd,2018/8/14,2019/3/30,3000069,璐电儫(鐜夋恫1鍙?,0,23,194,璐电儫,1,鐑?0101,鏅€氱儫,10101,鍥戒骇鏅€氱儫,NULL,NULL,NULL,NULL,鐩?鏅€?1*10,7000813,闀挎槬甯傜儫鑽夊叕鍙?16,XTD_product_20180814.csv,NULL,
xtd,2018/8/14,2019/3/30,3000072,鍒╃兢(瑗垮瓙闃冲厜),0,31,416,鍒╃兢,1,鐑?0102,寮傚瀷鐑?010201,寮傚瀷鐑?NULL,NULL,NULL,NULL,鐩?寮傚瀷,1*10,7000813,闀挎槬甯傜儫鑽夊叕鍙?16,XTD_product_20180814.csv,NULL,,
xtd,2019/3/30,3000/9/1,3000077,浜戠儫(绁炵鑺卞洯),0,32,770,浜戠儫,1,鐑?0102,寮傚瀷鐑?010201,寮傚瀷鐑?NULL,NULL,NULL,NULL,鐩?寮傚瀷,1*10,7000813,闀挎槬甯傜儫鑽夊叕鍙?13,XTD_product_20190330.csv,NULL,,
xtd,2018/8/14,2019/3/30,3000083,绾㈡渤(灏忕唺鐚笘绾),0,10,240,绾㈡渤,1,鐑?0101,鏅€氱儫,10101,鍥戒骇鏅€氱儫,NULL,NULL,NULL,NULL,鐩?鏅€?1*10,7000813,闀挎槬甯傜儫鑽夊叕鍙?16,XTD_product_20180814.csv,NULL,
xtd,2019/3/30,2019/9/11,3000086,绾㈤噾榫?纭摑鐖变綘),0,11,241,绾㈤噾榫?01,鐑?0102,寮傚瀷鐑?010201,寮傚瀷鐑?NULL,NULL,NULL,NULL,鐩?寮傚瀷,1*10,7000813,闀挎槬甯傜儫鑽夊叕鍙?13,XTD_product_20190330.csv,NULL,,,
xtd,2019/9/11,3000/9/1,3000086,绾㈤噾榫?纭摑鐖变綘),0,12,241,绾㈤噾榫?01,鐑?0102,寮傚瀷鐑?010201,寮傚瀷鐑?NULL,NULL,NULL,NULL,鐩?寮傚瀷,1*10,7000813,闀挎槬甯傜儫鑽夊叕鍙?13,XTD_product_20190911.csv,NULL,,,
xtd,2019/3/30,3000/9/1,3000091,榛勫北(澶ч粍灞辩粏鏀?,0,19,272,榛勫北,1,鐑?0102,寮傚瀷鐑?010201,寮傚瀷鐑?NULL,NULL,NULL,NULL,鐩?NULL,1*10,7000813,闀挎槬甯傜儫鑽夊叕鍙?13,XTD_product_20190330.csv,NULL,,
xtd,2018/8/14,2019/3/30,3000094,榛勬灉鏍戯紙杞級,0,2.5,269,榛勬灉鏍?01,鐑?0101,鏅€氱儫,10101,鍥戒骇鏅€氱儫,NULL,NULL,NULL,NULL,鐩?鏅€?1*10,7000813,闀挎槬甯傜儫鑽夊叕鍙?16,XTD_product_20180814.csv,NULL,,
xtd,2019/3/30,3000/9/1,3000099,555(寮?,0,53,1,555,1,鐑?0102,寮傚瀷鐑?010201,寮傚瀷鐑?NULL,NULL,NULL,NULL,鐩?寮傚瀷,1*10,7000813,闀挎槬甯傜儫鑽夊叕鍙?13,XTD_product_20190330.csv,NULL,,
xtd,2018/8/14,2019/3/30,3000102,榛勯工妤?闆箣鏅?鍙?,0,12,270,榛勯工妤?01,鐑?0102,寮傚瀷鐑?010201,寮傚瀷鐑?NULL,NULL,NULL,NULL,鐩?寮傚瀷,1*10,7000813,闀挎槬甯傜儫鑽夊叕鍙?16,XTD_product_20180814.csv,NULL,,,
xtd,2019/3/30,3000/9/1,3000107,濞囧瓙(鏍艰皟缁嗘敮),0,15,310,濞囧瓙,1,鐑?0102,寮傚瀷鐑?010201,寮傚瀷鐑?NULL,NULL,NULL,NULL,鐩?寮傚瀷,1*10,7000813,闀挎槬甯傜儫鑽夊叕鍙?13,XTD_product_20190330.csv,NULL,,
xtd,2018/8/14,2019/3/30,3000111,闀跨櫧灞?澶╄摑),0,10,90,闀跨櫧灞?01,鐑?0101,鏅€氱儫,10101,鍥戒骇鏅€氱儫,NULL,NULL,NULL,NULL,鐩?鏅€?1*10,7000813,闀挎槬甯傜儫鑽夊叕鍙?16,XTD_product_20180814.csv,NULL,,
xtd,2019/3/30,3000/9/1,3000114,涓冩槦鐗圭函(MEVIUS),0,18,-,鏈煡,1,鐑?0101,鏅€氱儫,10101,鍥戒骇鏅€氱儫,NULL,NULL,NULL,NULL,鐩?鏅€?1*10,7000813,闀挎槬甯傜儫鑽夊叕鍙?13,XTD_product_20190330.csv,NULL,
xtd,2018/8/14,2019/3/30,3000119,榛勯工妤?闆箣鏅?鍙?,0,20,270,榛勯工妤?01,鐑?0102,寮傚瀷鐑?010201,寮傚瀷鐑?NULL,NULL,NULL,NULL,鐩?寮傚瀷,1*10,7000813,闀挎槬甯傜儫鑽夊叕鍙?16,XTD_product_20180814.csv,NULL,,,
xtd,2018/8/14,2019/3/30,3000120,鐜嬪啝(缁忓吀8鍙?,0,200,-,鏈煡,1,鐑?0102,寮傚瀷鐑?010201,寮傚瀷鐑?NULL,NULL,NULL,NULL,鐩?NULL,1*1,7000813,闀挎槬甯傜儫鑽夊叕鍙?16,XTD_product_20180814.csv,NULL,,
xtd,2019/3/30,3000/9/1,3000125,绾㈠灞?浼犲),0,14,249,绾㈠灞?01,鐑?0101,鏅€氱儫,10101,鍥戒骇鏅€氱儫,NULL,NULL,NULL,NULL,鐩?NULL,1*10,7000813,闀挎槬甯傜儫鑽夊叕鍙?13,XTD_product_20190330.csv,NULL,
xtd,2018/8/14,2019/3/30,3000128,鐧芥矙(纭ぉ澶╁悜涓婄粏鏀?,0,15,35,鐧芥矙,1,鐑?0102,寮傚瀷鐑?010201,寮傚瀷鐑?NULL,NULL,NULL,NULL,鐩?寮傚瀷,1*10,7000813,闀挎槬甯傜儫鑽夊叕鍙?16,XTD_product_20180814.csv,NULL,,
xtd,2019/3/30,3000/9/1,3000132,鍗椾含(鍗佷簩閽椾腑寮忔贩鍚堝瀷),0,20,486,鍗椾含,1,鐑?0102,寮傚瀷鐑?010201,寮傚瀷鐑?NULL,NULL,NULL,NULL,鐩?寮傚瀷,1*10,7000813,闀挎槬甯傜儫鑽夊叕鍙?13,XTD_product_20190330.csv,NULL,,
xtd,2018/8/14,2019/3/30,3000137,鑺欒搲鐜?纭孩甯?,0,30,158,鑺欒搲鐜?01,鐑?0101,鏅€氱儫,10101,鍥戒骇鏅€氱儫,NULL,NULL,NULL,NULL,鐩?鏅€?1*10,7000813,闀挎槬甯傜儫鑽夊叕鍙?16,XTD_product_20180814.csv,NULL,,
xtd,2019/3/30,3000/9/1,3000143,搴愬北(澶х孩杩?,0,5,436,搴愬北,1,鐑?0101,鏅€氱儫,10101,鍥戒骇鏅€氱儫,NULL,NULL,NULL,NULL,鐩?鏅€?1*10,7000813,闀挎槬甯傜儫鑽夊叕鍙?13,XTD_product_20190330.csv,NULL,
xtd,2018/8/14,2019/3/30,3000146,榛勫北(璁板繂),0,14,272,榛勫北,1,鐑?0102,寮傚瀷鐑?010201,寮傚瀷鐑?NULL,NULL,NULL,NULL,鐩?寮傚瀷,1*10,7000813,闀挎槬甯傜儫鑽夊叕鍙?16,XTD_product_20180814.csv,NULL,,
xtd,2019/3/30,3000/9/1,3000150,榛勫北(绾㈡柟鍗扮粏鏀?,0,20,272,榛勫北,1,鐑?0102,寮傚瀷鐑?010201,寮傚瀷鐑?NULL,NULL,NULL,NULL,鐩?寮傚瀷,1*10,7000813,闀挎槬甯傜儫鑽夊叕鍙?13,XTD_product_20190330.csv,NULL,,
xtd,2019/3/30,3000/9/1,3000157,鍐櫕澶忚崏,0,100,-,鏈煡,1,鐑?0101,鏅€氱儫,10101,鍥戒骇鏅€氱儫,NULL,NULL,NULL,NULL,鐩?鏅€?1*10,7000813,闀挎槬甯傜儫鑽夊叕鍙?13,XTD_product_20190330.csv,NULL,
xtd,2018/8/14,2019/3/30,3000163,褰╀箰澶х溂钀屽皬榛勪汉娉℃场绯?NULL,3,-,鏈煡,2,绯栨灉,204,杩涘彛绯栨灉,20401,杩涘彛绯栨灉,NULL,NULL,NULL,NULL,鏉?18鍏?1*240,7001413,闀挎槬绯栨灉姹囦紬鍜屽９椋熷搧鏈夐檺鍏徃,16,XTD_product_20180814.csv,NULL
xtd,2019/3/30,3000/9/1,3000166,绾㈠灞憋紙杞粡鍏革級,0,8,249,绾㈠灞?01,鐑?0101,鏅€氱儫,10101,鍥戒骇鏅€氱儫,NULL,NULL,NULL,NULL,鐩?鏅€?1*10,7000813,闀挎槬甯傜儫鑽夊叕鍙?13,XTD_product_20190330.csv,NULL,,
xtd,2019/3/30,3000/9/1,3000171,涓崡娴凤紙5mg锛?NULL,10,799,涓崡娴?01,鐑?0101,鏅€氱儫,10101,鍥戒骇鏅€氱儫,NULL,NULL,NULL,NULL,鐩?鏅€?1*10,7000813,闀挎槬甯傜儫鑽夊叕鍙?13,XTD_product_20190330.csv,NULL,,,
xtd,2018/8/14,2019/3/30,3000174,鍒╃兢锛堟柊鐗堬級,0,14,416,鍒╃兢,1,鐑?0101,鏅€氱儫,10101,鍥戒骇鏅€氱儫,NULL,NULL,NULL,NULL,鐩?鏅€?1*10,7000813,闀挎槬甯傜儫鑽夊叕鍙?16,XTD_product_20180814.csv,NULL,
xtd,2019/3/30,3000/9/1,3000179,鐜夋邯锛堣蒋锛?NULL,23,759,鐜夋邯,1,鐑?0101,鏅€氱儫,10101,鍥戒骇鏅€氱儫,NULL,NULL,NULL,NULL,鐩?鏅€?1*10,7000813,闀挎槬甯傜儫鑽夊叕鍙?13,XTD_product_20190330.csv,NULL,,
xtd,2019/3/30,3000/9/1,3000180,涓冨尮鐙硷紙鐧斤級,0,8,512,涓冨尮鐙?01,鐑?0101,鏅€氱儫,10101,鍥戒骇鏅€氱儫,NULL,NULL,NULL,NULL,鐩?鏅€?1*10,7000813,闀挎槬甯傜儫鑽夊叕鍙?13,XTD_product_20190330.csv,NULL,,
xtd,2018/8/14,2019/3/30,3000185,鑺欒搲鐜嬶紙纭級,0,25,158,鑺欒搲鐜?01,鐑?0101,鏅€氱儫,10101,鍥戒骇鏅€氱儫,NULL,NULL,NULL,NULL,鐩?鏅€?1*10,7000813,闀挎槬甯傜儫鑽夊叕鍙?16,XTD_product_20180814.csv,NULL,,
xtd,2019/3/30,3000/9/1,3000188,涓崕锛堣蒋锛?NULL,70,797,涓崕,1,鐑?0101,鏅€氱儫,10101,鍥戒骇鏅€氱儫,NULL,NULL,NULL,NULL,鐩?鏅€?1*10,7000813,闀挎槬甯傜儫鑽夊叕鍙?13,XTD_product_20190330.csv,NULL,,
xtd,2019/3/30,3000/9/1,3000193,榛勫北涓浗椋?NULL,9,272,榛勫北,1,鐑?0101,鏅€氱儫,10101,鍥戒骇鏅€氱儫,NULL,NULL,NULL,NULL,鐩?鏅€?1*10,7000813,闀挎槬甯傜儫鑽夊叕鍙?13,XTD_product_20190330.csv,NULL,,
xtd,2018/8/14,2019/3/30,3000196,绾㈤噾榫欙紙纭枩锛?NULL,3,241,绾㈤噾榫?01,鐑?0101,鏅€氱儫,10101,鍥戒骇鏅€氱儫,NULL,NULL,NULL,NULL,鐩?鏅€?1*10,7000813,闀挎槬甯傜儫鑽夊叕鍙?16,XTD_product_20180814.csv,NULL,,,
xtd,2019/3/30,3000/9/1,3000203,閲戝湥锛堣蒋绾級,0,7.5,-,鏈煡,1,鐑?0101,鏅€氱儫,10101,鍥戒骇鏅€氱儫,NULL,NULL,NULL,NULL,鐩?鏅€?1*10,7000813,闀挎槬甯傜儫鑽夊叕鍙?13,XTD_product_20190330.csv,NULL,
xtd,2018/8/14,2019/3/30,3000206,榛勯噾鍙讹紙杞ぇ閲戝渾锛?NULL,22,271,榛勯噾鍙?01,鐑?0101,鏅€氱儫,10101,鍥戒骇鏅€氱儫,NULL,NULL,NULL,NULL,鐩?鏅€?1*10,7000813,闀挎槬甯傜儫鑽夊叕鍙?16,XTD_product_20180814.csv,NULL,,,
xtd,2019/12/10,2019/12/11,3000209,涓婂ソ浣虫煚妾硸,0,3,560,涓婂ソ浣?02,绯栨灉,202,绯栨灉,20206,姘存灉绯?NULL,NULL,NULL,NULL,琚?120鍏?1*20,7001465,闀挎槬甯傜繉鏂拌棰戞湁闄愬叕鍙?13,XTD_product_20191210.csv,NULL,,
xtd,2019/3/30,3000/9/1,3000210,鏇煎Ε鎬濆姴鍤煎厖姘旂硸姘存灉鍛?NULL,2,452,鏇煎Ε鎬?02,绯栨灉,202,绯栨灉,20201,鑰愬毤绯?NULL,NULL,NULL,NULL,鏉?37鍏?1*288,7000981,闀挎槬甯傛柊鎷撻暱鐩涢鍝佹湁闄愬叕鍙?13,XTD_product_20190330.csv,NULL,,,
xtd,2018/8/14,2019/3/30,3000215,闆呭V9澶瑰績绯栨煚妾懗,0,3.8,700,闆呭,2,绯栨灉,202,绯栨灉,20206,姘存灉绯?NULL,NULL,NULL,NULL,鐩?48鍏?1*48,7000910,闀挎槬甯傜ゥ闅嗚仛婧愮粡璐告湁闄愬叕鍙?16,XTD_product_20180814.csv,NULL,
